Date,Open,High,Low,Close,Volume,Real Prices,Predicted Prices RF,Predicted Prices LR,Signal ML RF,Signal ML LR
2015-01-02,27.84749984741211,27.860000610351562,26.837499618530273,27.332500457763672,212818400,27.332500457763672,,,-1,-1
2015-01-05,27.072500228881836,27.162500381469727,26.352500915527344,26.5625,257142000,26.5625,,,-1,-1
2015-01-06,26.635000228881836,26.857500076293945,26.157499313354492,26.565000534057617,263188400,26.565000534057617,,,-1,-1
2015-01-07,26.799999237060547,27.049999237060547,26.674999237060547,26.9375,160423600,26.9375,,,-1,-1
2015-01-08,27.3075008392334,28.037500381469727,27.174999237060547,27.97249984741211,237458000,27.97249984741211,,,-1,-1
2015-01-09,28.167499542236328,28.3125,27.552499771118164,28.002500534057617,214798000,28.002500534057617,,,-1,-1
2015-01-12,28.149999618530273,28.157499313354492,27.200000762939453,27.3125,198603200,27.3125,,,-1,-1
2015-01-13,27.857500076293945,28.200000762939453,27.227500915527344,27.55500030517578,268367600,27.55500030517578,,,-1,-1
2015-01-14,27.260000228881836,27.622499465942383,27.125,27.450000762939453,195826400,27.450000762939453,,,-1,-1
2015-01-15,27.5,27.514999389648438,26.665000915527344,26.704999923706055,240056000,26.704999923706055,,,-1,-1
2015-01-16,26.75749969482422,26.895000457763672,26.299999237060547,26.497499465942383,314053200,26.497499465942383,,,-1,-1
2015-01-20,26.959999084472656,27.24250030517578,26.625,27.18000030517578,199599600,27.18000030517578,,,-1,-1
2015-01-21,27.237499237060547,27.764999389648438,27.0674991607666,27.387500762939453,194303600,27.387500762939453,,,-1,-1
2015-01-22,27.565000534057617,28.11750030517578,27.43000030517578,28.100000381469727,215185600,28.100000381469727,,,-1,-1
2015-01-23,28.075000762939453,28.4375,27.88249969482422,28.2450008392334,185859200,28.2450008392334,,,-1,-1
2015-01-26,28.434999465942383,28.59000015258789,28.200000762939453,28.274999618530273,222460000,28.274999618530273,,,-1,-1
2015-01-27,28.104999542236328,28.1200008392334,27.25749969482422,27.28499984741211,382274800,27.28499984741211,,,-1,-1
2015-01-28,29.407499313354492,29.530000686645508,28.827499389648438,28.827499389648438,585908400,28.827499389648438,,,-1,-1
2015-01-29,29.079999923706055,29.797500610351562,28.889999389648438,29.725000381469727,337745600,29.725000381469727,,,-1,-1
2015-01-30,29.600000381469727,30.0,29.212499618530273,29.290000915527344,334982000,29.290000915527344,,,-1,-1
2015-02-02,29.512500762939453,29.792499542236328,29.020000457763672,29.657499313354492,250956400,29.657499313354492,,,-1,-1
2015-02-03,29.625,29.772499084472656,29.40250015258789,29.662500381469727,207662800,29.662500381469727,,,-1,-1
2015-02-04,29.625,30.127500534057617,29.577499389648438,29.889999389648438,280598800,29.889999389648438,,,-1,-1
2015-02-05,30.0049991607666,30.0575008392334,29.8125,29.985000610351562,168984800,29.985000610351562,,,-1,-1
2015-02-06,30.0049991607666,30.0625,29.612499237060547,29.732500076293945,174826400,29.732500076293945,,,-1,-1
2015-02-09,29.637500762939453,29.959999084472656,29.607500076293945,29.93000030517578,155559200,29.93000030517578,,,-1,-1
2015-02-10,30.042499542236328,30.537500381469727,30.040000915527344,30.5049991607666,248034000,30.5049991607666,,,-1,-1
2015-02-11,30.6924991607666,31.229999542236328,30.625,31.219999313354492,294247200,31.219999313354492,,,-1,-1
2015-02-12,31.514999389648438,31.8700008392334,31.392499923706055,31.614999771118164,297898000,31.614999771118164,,,-1,-1
2015-02-13,31.81999969482422,31.81999969482422,31.412500381469727,31.770000457763672,217088800,31.770000457763672,,,-1,-1
2015-02-17,31.872499465942383,32.220001220703125,31.729999542236328,31.957500457763672,252609600,31.957500457763672,,,-1,-1
2015-02-18,31.907499313354492,32.19499969482422,31.862499237060547,32.18000030517578,179566800,32.18000030517578,,,-1,-1
2015-02-19,32.119998931884766,32.25749969482422,32.08250045776367,32.11249923706055,149449600,32.11249923706055,,,-1,-1
2015-02-20,32.154998779296875,32.375,32.01250076293945,32.375,195793600,32.375,,,-1,-1
2015-02-23,32.505001068115234,33.25,32.415000915527344,33.25,283896400,33.25,,,-1,-1
2015-02-24,33.23500061035156,33.400001525878906,32.79249954223633,33.04249954223633,276912400,33.04249954223633,,,-1,-1
2015-02-25,32.88999938964844,32.900001525878906,32.037498474121094,32.1974983215332,298846800,32.1974983215332,,,-1,-1
2015-02-26,32.1974983215332,32.717498779296875,31.65250015258789,32.60499954223633,365150000,32.60499954223633,,,-1,-1
2015-02-27,32.5,32.64250183105469,32.060001373291016,32.1150016784668,248059200,32.1150016784668,,,-1,-1
2015-03-02,32.3125,32.56999969482422,32.07500076293945,32.272499084472656,192386800,32.272499084472656,,,-1,-1
2015-03-03,32.2400016784668,32.380001068115234,32.022499084472656,32.34000015258789,151265200,32.34000015258789,,,-1,-1
2015-03-04,32.275001525878906,32.38999938964844,32.08000183105469,32.1349983215332,126665200,32.1349983215332,,,-1,-1
2015-03-05,32.14500045776367,32.1875,31.440000534057617,31.602500915527344,226068400,31.602500915527344,,,-1,-1
2015-03-06,32.099998474121094,32.342498779296875,31.565000534057617,31.649999618530273,291368400,31.649999618530273,,,-1,-1
2015-03-09,31.989999771118164,32.39250183105469,31.264999389648438,31.78499984741211,354114000,31.78499984741211,,,-1,-1
2015-03-10,31.602500915527344,31.80500030517578,30.950000762939453,31.127500534057617,275426400,31.127500534057617,,,-1,-1
2015-03-11,31.1875,31.1924991607666,30.52750015258789,30.559999465942383,275756000,30.559999465942383,,,-1,-1
2015-03-12,30.577499389648438,31.225000381469727,30.407499313354492,31.112499237060547,193450800,31.112499237060547,,,-1,-1
2015-03-13,31.100000381469727,31.350000381469727,30.645000457763672,30.897499084472656,207309200,30.897499084472656,,,-1,-1
2015-03-16,30.969999313354492,31.237499237060547,30.717500686645508,31.237499237060547,143497200,31.237499237060547,,,-1,-1
2015-03-17,31.475000381469727,31.829999923706055,31.412500381469727,31.760000228881836,204092400,31.760000228881836,,,-1,-1
2015-03-18,31.75,32.290000915527344,31.592500686645508,32.11750030517578,261083600,32.11750030517578,,,-1,-1
2015-03-19,32.1875,32.3125,31.850000381469727,31.875,183238000,31.875,,,-1,-1
2015-03-20,32.0625,32.099998474121094,31.290000915527344,31.475000381469727,274780400,31.475000381469727,,,-1,-1
2015-03-23,31.780000686645508,31.962499618530273,31.6299991607666,31.802499771118164,150838800,31.802499771118164,,,-1,-1
2015-03-24,31.8075008392334,32.0099983215332,31.639999389648438,31.672500610351562,131369200,31.672500610351562,,,-1,-1
2015-03-25,31.635000228881836,31.704999923706055,30.844999313354492,30.844999313354492,206620800,30.844999313354492,,,-1,-1
2015-03-26,30.690000534057617,31.219999313354492,30.649999618530273,31.059999465942383,190291600,31.059999465942383,,,-1,-1
2015-03-27,31.142499923706055,31.174999237060547,30.727500915527344,30.8125,158184800,30.8125,,,-1,-1
2015-03-30,31.012500762939453,31.600000381469727,31.0,31.592500686645508,188398800,31.592500686645508,,,-1,-1
2015-03-31,31.522499084472656,31.622499465942383,31.09000015258789,31.107500076293945,168362400,31.107500076293945,,,-1,-1
2015-04-01,31.204999923706055,31.280000686645508,30.774999618530273,31.0625,162485600,31.0625,,,-1,-1
2015-04-02,31.25749969482422,31.389999389648438,31.047500610351562,31.329999923706055,128880400,31.329999923706055,,,-1,-1
2015-04-06,31.11750030517578,31.877500534057617,31.082500457763672,31.837499618530273,148776000,31.837499618530273,,,-1,-1
2015-04-07,31.90999984741211,32.029998779296875,31.4950008392334,31.502500534057617,140049200,31.502500534057617,,,-1,-1
2015-04-08,31.462499618530273,31.600000381469727,31.24250030517578,31.399999618530273,149316800,31.399999618530273,,,-1,-1
2015-04-09,31.462499618530273,31.645000457763672,31.165000915527344,31.639999389648438,129936000,31.639999389648438,,,-1,-1
2015-04-10,31.487499237060547,31.802499771118164,31.315000534057617,31.774999618530273,160752000,31.774999618530273,,,-1,-1
2015-04-13,32.092498779296875,32.14250183105469,31.65250015258789,31.712499618530273,145460400,31.712499618530273,,,-1,-1
2015-04-14,31.75,31.822500228881836,31.477500915527344,31.575000762939453,102098400,31.575000762939453,,,-1,-1
2015-04-15,31.602500915527344,31.782499313354492,31.502500534057617,31.69499969482422,115881600,31.69499969482422,,,-1,-1
2015-04-16,31.56999969482422,31.774999618530273,31.52750015258789,31.542499542236328,113476000,31.542499542236328,,,-1,-1
2015-04-17,31.387500762939453,31.53499984741211,31.114999771118164,31.1875,207828000,31.1875,,,-1,-1
2015-04-20,31.392499923706055,32.029998779296875,31.292499542236328,31.899999618530273,188217200,31.899999618530273,,,-1,-1
2015-04-21,32.025001525878906,32.04999923706055,31.667499542236328,31.727500915527344,129740400,31.727500915527344,,,-1,-1
2015-04-22,31.747499465942383,32.217498779296875,31.579999923706055,32.154998779296875,150618000,32.154998779296875,,,-1,-1
2015-04-23,32.07500076293945,32.60499954223633,32.03499984741211,32.41749954223633,183083600,32.41749954223633,,,-1,-1
2015-04-24,32.622501373291016,32.657501220703125,32.307498931884766,32.56999969482422,178103600,32.56999969482422,,,-1,-1
2015-04-27,33.07749938964844,33.282501220703125,32.787498474121094,33.162498474121094,387816800,33.162498474121094,,,-1,-1
2015-04-28,33.6150016784668,33.6349983215332,32.39250183105469,32.63999938964844,475696000,32.63999938964844,,,-1,-1
2015-04-29,32.540000915527344,32.897499084472656,32.07500076293945,32.15999984741211,253544400,32.15999984741211,,,-1,-1
2015-04-30,32.15999984741211,32.15999984741211,31.145000457763672,31.287500381469727,332781600,31.287500381469727,,,-1,-1
2015-05-01,31.524999618530273,32.532501220703125,31.325000762939453,32.23749923706055,234050400,32.23749923706055,,,-1,-1
2015-05-04,32.375,32.64250183105469,32.064998626708984,32.17499923706055,203953200,32.17499923706055,,,-1,-1
2015-05-05,32.037498474121094,32.11249923706055,31.44499969482422,31.450000762939453,197085600,31.450000762939453,,,-1,-1
2015-05-06,31.639999389648438,31.6875,30.84000015258789,31.252500534057617,288564000,31.252500534057617,,,-1,-1
2015-05-07,31.1924991607666,31.520000457763672,31.0049991607666,31.315000534057617,175763600,31.315000534057617,,,-1,-1
2015-05-08,31.670000076293945,31.905000686645508,31.52750015258789,31.905000686645508,222201600,31.905000686645508,,,-1,-1
2015-05-11,31.84749984741211,31.889999389648438,31.407499313354492,31.579999923706055,168143200,31.579999923706055,,,-1,-1
2015-05-12,31.399999618530273,31.719999313354492,31.204999923706055,31.467500686645508,192640000,31.467500686645508,,,-1,-1
2015-05-13,31.537500381469727,31.797500610351562,31.467500686645508,31.502500534057617,138776800,31.502500534057617,,,-1,-1
2015-05-14,31.852500915527344,32.23749923706055,31.790000915527344,32.23749923706055,180814000,32.23749923706055,,,-1,-1
2015-05-15,32.26750183105469,32.372501373291016,32.0525016784668,32.192501068115234,152832000,32.192501068115234,,,-1,-1
2015-05-18,32.095001220703125,32.68000030517578,32.09000015258789,32.54750061035156,203531600,32.54750061035156,,,-1,-1
2015-05-19,32.67250061035156,32.720001220703125,32.40999984741211,32.51750183105469,178532800,32.51750183105469,,,-1,-1
2015-05-20,32.5,32.744998931884766,32.334999084472656,32.51499938964844,145819600,32.51499938964844,,,-1,-1
2015-05-21,32.51750183105469,32.907501220703125,32.45750045776367,32.84749984741211,158921600,32.84749984741211,,,-1,-1
2015-05-22,32.900001525878906,33.24250030517578,32.849998474121094,33.1349983215332,182384000,33.1349983215332,,,-1,-1
2015-05-26,33.150001525878906,33.227500915527344,32.279998779296875,32.404998779296875,282790400,32.404998779296875,,,-1,-1
2015-05-27,32.584999084472656,33.064998626708984,32.51250076293945,33.0099983215332,183332800,33.0099983215332,,,-1,-1
2015-05-28,32.96500015258789,32.98749923706055,32.775001525878906,32.94499969482422,122933200,32.94499969482422,,,-1,-1
2015-05-29,32.807498931884766,32.86249923706055,32.474998474121094,32.56999969482422,203538000,32.56999969482422,,,-1,-1
2015-06-01,32.56999969482422,32.84749984741211,32.51250076293945,32.6349983215332,128451200,32.6349983215332,,,-1,-1
2015-06-02,32.46500015258789,32.665000915527344,32.33000183105469,32.4900016784668,134670400,32.4900016784668,,,-1,-1
2015-06-03,32.665000915527344,32.73500061035156,32.474998474121094,32.529998779296875,123934000,32.529998779296875,,,-1,-1
2015-06-04,32.39500045776367,32.64500045776367,32.227500915527344,32.34000015258789,153800400,32.34000015258789,,,-1,-1
2015-06-05,32.375,32.42250061035156,32.09000015258789,32.162498474121094,142507200,32.162498474121094,,,-1,-1
2015-06-08,32.224998474121094,32.3025016784668,31.707500457763672,31.950000762939453,210699200,31.950000762939453,,,-1,-1
2015-06-09,31.674999237060547,32.02000045776367,31.405000686645508,31.854999542236328,224301600,31.854999542236328,,,-1,-1
2015-06-10,31.979999542236328,32.334999084472656,31.962499618530273,32.220001220703125,156349200,32.220001220703125,,,-1,-1
2015-06-11,32.29499816894531,32.54499816894531,32.119998931884766,32.147499084472656,141563600,32.147499084472656,,,-1,-1
2015-06-12,32.04750061035156,32.08250045776367,31.77750015258789,31.792499542236328,147544800,31.792499542236328,,,-1,-1
2015-06-15,31.524999618530273,31.809999465942383,31.427499771118164,31.729999542236328,175955600,31.729999542236328,,,-1,-1
2015-06-16,31.75749969482422,31.962499618530273,31.592500686645508,31.899999618530273,125976400,31.899999618530273,,,-1,-1
2015-06-17,31.93000030517578,31.969999313354492,31.684999465942383,31.825000762939453,131672400,31.825000762939453,,,-1,-1
2015-06-18,31.8075008392334,32.07749938964844,31.80500030517578,31.969999313354492,141628800,31.969999313354492,,,-1,-1
2015-06-19,31.927499771118164,31.954999923706055,31.600000381469727,31.649999618530273,218867600,31.649999618530273,,,-1,-1
2015-06-22,31.872499465942383,32.01499938964844,31.770000457763672,31.90250015258789,136157200,31.90250015258789,,,-1,-1
2015-06-23,31.8700008392334,31.90250015258789,31.719999313354492,31.75749969482422,121075600,31.75749969482422,,,-1,-1
2015-06-24,31.802499771118164,32.45000076293945,31.780000686645508,32.02750015258789,221123600,32.02750015258789,,,-1,-1
2015-06-25,32.21500015258789,32.29999923706055,31.875,31.875,127752400,31.875,,,-1,-1
2015-06-26,31.917499542236328,31.997499465942383,31.627500534057617,31.6875,176267200,31.6875,,,-1,-1
2015-06-29,31.364999771118164,31.61750030517578,31.1200008392334,31.13249969482422,196645600,31.13249969482422,,,-1,-1
2015-06-30,31.392499923706055,31.530000686645508,31.21500015258789,31.357500076293945,177482800,31.357500076293945,,,-1,-1
2015-07-01,31.725000381469727,31.735000610351562,31.497499465942383,31.649999618530273,120955200,31.649999618530273,,,-1,-1
2015-07-02,31.607500076293945,31.672500610351562,31.4424991607666,31.610000610351562,108844000,31.610000610351562,,,-1,-1
2015-07-06,31.235000610351562,31.5575008392334,31.212499618530273,31.5,112241600,31.5,,,-1,-1
2015-07-07,31.47249984741211,31.537500381469727,30.9424991607666,31.422500610351562,187787200,31.422500610351562,,,-1,-1
2015-07-08,31.1200008392334,31.15999984741211,30.635000228881836,30.642499923706055,243046400,30.642499923706055,,,-1,-1
2015-07-09,30.962499618530273,31.014999389648438,29.80500030517578,30.017499923706055,314380000,30.017499923706055,,,-1,-1
2015-07-10,30.485000610351562,30.962499618530273,30.302499771118164,30.81999969482422,245418000,30.81999969482422,,,-1,-1
2015-07-13,31.25749969482422,31.440000534057617,31.079999923706055,31.415000915527344,165762000,31.415000915527344,,,-1,-1
2015-07-14,31.510000228881836,31.592500686645508,31.260000228881836,31.40250015258789,127072400,31.40250015258789,,,-1,-1
2015-07-15,31.43000030517578,31.787500381469727,31.395000457763672,31.704999923706055,134596800,31.704999923706055,,,-1,-1
2015-07-16,31.934999465942383,32.14250183105469,31.837499618530273,32.127498626708984,144889600,32.127498626708984,,,-1,-1
2015-07-17,32.27000045776367,32.404998779296875,32.07749938964844,32.404998779296875,184658800,32.404998779296875,,,-1,-1
2015-07-20,32.74250030517578,33.24250030517578,32.67499923706055,33.01750183105469,235600800,33.01750183105469,,,-1,-1
2015-07-21,33.212501525878906,33.22999954223633,32.58000183105469,32.6875,307025600,32.6875,,,-1,-1
2015-07-22,30.497499465942383,31.375,30.497499465942383,31.30500030517578,461802400,31.30500030517578,,,-1,-1
2015-07-23,31.549999237060547,31.772499084472656,31.264999389648438,31.290000915527344,203998000,31.290000915527344,,,-1,-1
2015-07-24,31.329999923706055,31.434999465942383,30.975000381469727,31.125,168649200,31.125,,,-1,-1
2015-07-27,30.772499084472656,30.90250015258789,30.530000686645508,30.6924991607666,177822000,30.6924991607666,,,-1,-1
2015-07-28,30.844999313354492,30.977500915527344,30.637500762939453,30.844999313354492,134472400,30.844999313354492,,,-1,-1
2015-07-29,30.787500381469727,30.875,30.5674991607666,30.747499465942383,148046800,30.747499465942383,,,-1,-1
2015-07-30,30.579999923706055,30.642499923706055,30.427499771118164,30.592500686645508,134513200,30.592500686645508,,,-1,-1
2015-07-31,30.649999618530273,30.65999984741211,30.227500915527344,30.325000762939453,171540000,30.325000762939453,,,-1,-1
2015-08-03,30.375,30.642499923706055,29.3799991607666,29.610000610351562,279904000,29.610000610351562,,,-1,-1
2015-08-04,29.354999542236328,29.424999237060547,28.3125,28.65999984741211,496554400,28.65999984741211,,,-1,-1
2015-08-05,28.237499237060547,29.360000610351562,28.024999618530273,28.850000381469727,397250400,28.850000381469727,,,-1,-1
2015-08-06,28.99250030517578,29.125,28.530000686645508,28.782499313354492,211612000,28.782499313354492,,,-1,-1
2015-08-07,28.645000457763672,29.0625,28.625,28.8799991607666,154681600,28.8799991607666,,,-1,-1
2015-08-10,29.13249969482422,29.997499465942383,29.13249969482422,29.93000030517578,219806400,29.93000030517578,,,-1,-1
2015-08-11,29.452499389648438,29.545000076293945,28.332500457763672,28.372499465942383,388331200,28.372499465942383,,,-1,-1
2015-08-12,28.13249969482422,28.854999542236328,27.407499313354492,28.809999465942383,404870000,28.809999465942383,,,-1,-1
2015-08-13,29.010000228881836,29.100000381469727,28.635000228881836,28.787500381469727,194143200,28.787500381469727,,,-1,-1
2015-08-14,28.579999923706055,29.077499389648438,28.502500534057617,28.989999771118164,171718000,28.989999771118164,,,-1,-1
2015-08-17,29.010000228881836,29.412500381469727,28.875,29.290000915527344,163538800,29.290000915527344,,,-1,-1
2015-08-18,29.107500076293945,29.360000610351562,29.002500534057617,29.125,138242800,29.125,,,-1,-1
2015-08-19,29.024999618530273,29.1299991607666,28.670000076293945,28.752500534057617,193146000,28.752500534057617,,,-1,-1
2015-08-20,28.520000457763672,28.587499618530273,27.907499313354492,28.162500381469727,274006400,28.162500381469727,,,-1,-1
2015-08-21,27.607500076293945,27.975000381469727,26.412500381469727,26.440000534057617,513102000,26.440000534057617,,,-1,-1
2015-08-24,23.717500686645508,27.200000762939453,23.0,25.780000686645508,648825200,25.780000686645508,,,-1,-1
2015-08-25,27.77750015258789,27.77750015258789,25.875,25.934999465942383,414406400,25.934999465942383,,,-1,-1
2015-08-26,26.772499084472656,27.47249984741211,26.262500762939453,27.422500610351562,387098400,27.422500610351562,,,-1,-1
2015-08-27,28.0575008392334,28.309999465942383,27.5049991607666,28.229999542236328,338464400,28.229999542236328,,,-1,-1
2015-08-28,28.042499542236328,28.327499389648438,27.885000228881836,28.322500228881836,212657600,28.322500228881836,,,-1,-1
2015-08-31,28.00749969482422,28.63249969482422,28.0,28.190000534057617,224917200,28.190000534057617,,,-1,-1
2015-09-01,27.537500381469727,27.969999313354492,26.84000015258789,26.93000030517578,307383600,26.93000030517578,,,-1,-1
2015-09-02,27.5575008392334,28.084999084472656,27.282499313354492,28.084999084472656,247555200,28.084999084472656,,,-1,-1
2015-09-03,28.122499465942383,28.19499969482422,27.510000228881836,27.592500686645508,212935600,27.592500686645508,,,-1,-1
2015-09-04,27.24250030517578,27.612499237060547,27.127500534057617,27.3174991607666,199985200,27.3174991607666,,,-1,-1
2015-09-08,27.9375,28.139999389648438,27.579999923706055,28.077499389648438,219374400,28.077499389648438,,,-1,-1
2015-09-09,28.440000534057617,28.5049991607666,27.4424991607666,27.537500381469727,340043200,27.537500381469727,,,-1,-1
2015-09-10,27.5674991607666,28.31999969482422,27.475000381469727,28.142499923706055,251571200,28.142499923706055,,,-1,-1
2015-09-11,27.947500228881836,28.552499771118164,27.940000534057617,28.552499771118164,199662000,28.552499771118164,,,-1,-1
2015-09-14,29.145000457763672,29.22249984741211,28.71500015258789,28.827499389648438,233453600,28.827499389648438,,,-1,-1
2015-09-15,28.982500076293945,29.13249969482422,28.604999542236328,29.06999969482422,173364800,29.06999969482422,,,-1,-1
2015-09-16,29.0625,29.135000228881836,28.860000610351562,29.102500915527344,148694000,29.102500915527344,,,-1,-1
2015-09-17,28.915000915527344,29.122499465942383,28.43000030517578,28.479999542236328,256450400,28.479999542236328,,,-1,-1
2015-09-18,28.052499771118164,28.575000762939453,27.967500686645508,28.362499237060547,297141200,28.362499237060547,,,-1,-1
2015-09-21,28.417499542236328,28.842500686645508,28.415000915527344,28.802499771118164,200888000,28.802499771118164,,,-1,-1
2015-09-22,28.344999313354492,28.545000076293945,28.1299991607666,28.350000381469727,201384800,28.350000381469727,,,-1,-1
2015-09-23,28.407499313354492,28.68000030517578,28.325000762939453,28.579999923706055,143026800,28.579999923706055,,,-1,-1
2015-09-24,28.3125,28.875,28.092500686645508,28.75,200878000,28.75,,,-1,-1
2015-09-25,29.110000610351562,29.172500610351562,28.5049991607666,28.677499771118164,224607600,28.677499771118164,,,-1,-1
2015-09-28,28.462499618530273,28.642499923706055,28.110000610351562,28.110000610351562,208436000,28.110000610351562,,,-1,-1
2015-09-29,28.207500457763672,28.377500534057617,26.96500015258789,27.264999389648438,293461600,27.264999389648438,,,-1,-1
2015-09-30,27.542499542236328,27.885000228881836,27.1825008392334,27.575000762939453,265892000,27.575000762939453,,,-1,-1
2015-10-01,27.267499923706055,27.405000686645508,26.827499389648438,27.395000457763672,255716400,27.395000457763672,,,-1,-1
2015-10-02,27.002500534057617,27.752500534057617,26.887500762939453,27.594999313354492,232079200,27.594999313354492,,,-1,-1
2015-10-05,27.469999313354492,27.842500686645508,27.267499923706055,27.69499969482422,208258800,27.69499969482422,,,-1,-1
2015-10-06,27.657499313354492,27.934999465942383,27.4424991607666,27.827499389648438,192787200,27.827499389648438,,,-1,-1
2015-10-07,27.934999465942383,27.9424991607666,27.352500915527344,27.69499969482422,187062400,27.69499969482422,,,-1,-1
2015-10-08,27.547500610351562,27.547500610351562,27.052499771118164,27.375,247918400,27.375,,,-1,-1
2015-10-09,27.5,28.06999969482422,27.372499465942383,28.030000686645508,211064400,28.030000686645508,,,-1,-1
2015-10-12,28.1825008392334,28.1875,27.860000610351562,27.899999618530273,121868800,27.899999618530273,,,-1,-1
2015-10-13,27.704999923706055,28.112499237060547,27.670000076293945,27.947500228881836,132197200,27.947500228881836,,,-1,-1
2015-10-14,27.822500228881836,27.8799991607666,27.389999389648438,27.552499771118164,177849600,27.552499771118164,,,-1,-1
2015-10-15,27.732500076293945,28.024999618530273,27.622499465942383,27.96500015258789,150694000,27.96500015258789,,,-1,-1
2015-10-16,27.94499969482422,28.0,27.63249969482422,27.760000228881836,156930400,27.760000228881836,,,-1,-1
2015-10-19,27.700000762939453,27.9375,27.52750015258789,27.9325008392334,119036800,27.9325008392334,,,-1,-1
2015-10-20,27.834999084472656,28.542499542236328,27.704999923706055,28.4424991607666,195871200,28.4424991607666,,,-1,-1
2015-10-21,28.5,28.895000457763672,28.424999237060547,28.440000534057617,167180800,28.440000534057617,,,-1,-1
2015-10-22,28.582500457763672,28.875,28.524999618530273,28.875,166616400,28.875,,,-1,-1
2015-10-23,29.174999237060547,29.8075008392334,29.082500457763672,29.770000457763672,237467600,29.770000457763672,,,-1,-1
2015-10-26,29.520000457763672,29.532499313354492,28.729999542236328,28.81999969482422,265335200,28.81999969482422,,,-1,-1
2015-10-27,28.850000381469727,29.135000228881836,28.497499465942383,28.637500762939453,279537600,28.637500762939453,,,-1,-1
2015-10-28,29.232500076293945,29.825000762939453,29.014999389648438,29.8174991607666,342205600,29.8174991607666,,,-1,-1
2015-10-29,29.674999237060547,30.172500610351562,29.5674991607666,30.13249969482422,204909200,30.13249969482422,,,-1,-1
2015-10-30,30.247499465942383,30.30500030517578,29.862499237060547,29.875,197461200,29.875,,,-1,-1
2015-11-02,30.200000762939453,30.34000015258789,29.90250015258789,30.295000076293945,128813200,30.295000076293945,,,-1,-1
2015-11-03,30.197500228881836,30.872499465942383,30.174999237060547,30.642499923706055,182076000,30.642499923706055,,,-1,-1
2015-11-04,30.782499313354492,30.954999923706055,30.405000686645508,30.5,179544400,30.5,,,-1,-1
2015-11-05,30.462499618530273,30.672500610351562,30.045000076293945,30.229999542236328,158210800,30.229999542236328,,,-1,-1
2015-11-06,30.27750015258789,30.452499389648438,30.155000686645508,30.264999389648438,132169200,30.264999389648438,,,-1,-1
2015-11-09,30.239999771118164,30.452499389648438,30.012500762939453,30.142499923706055,135485600,30.142499923706055,,,-1,-1
2015-11-10,29.225000381469727,29.517499923706055,29.014999389648438,29.1924991607666,236511600,29.1924991607666,,,-1,-1
2015-11-11,29.092500686645508,29.354999542236328,28.802499771118164,29.02750015258789,180872000,29.02750015258789,,,-1,-1
2015-11-12,29.065000534057617,29.204999923706055,28.912500381469727,28.93000030517578,130102400,28.93000030517578,,,-1,-1
2015-11-13,28.799999237060547,28.892499923706055,28.0674991607666,28.084999084472656,183249600,28.084999084472656,,,-1,-1
2015-11-16,27.844999313354492,28.559999465942383,27.75,28.545000076293945,152426800,28.545000076293945,,,-1,-1
2015-11-17,28.729999542236328,28.762500762939453,28.329999923706055,28.422500610351562,110467600,28.422500610351562,,,-1,-1
2015-11-18,28.940000534057617,29.372499465942383,28.875,29.322500228881836,186698800,29.322500228881836,,,-1,-1
2015-11-19,29.40999984741211,29.9375,29.190000534057617,29.69499969482422,173183200,29.69499969482422,,,-1,-1
2015-11-20,29.799999237060547,29.979999542236328,29.712499618530273,29.825000762939453,137148400,29.825000762939453,,,-1,-1
2015-11-23,29.8174991607666,29.9325008392334,29.334999084472656,29.4375,129930000,29.4375,,,-1,-1
2015-11-24,29.332500457763672,29.837499618530273,29.280000686645508,29.719999313354492,171212800,29.719999313354492,,,-1,-1
2015-11-25,29.802499771118164,29.8075008392334,29.479999542236328,29.50749969482422,85553200,29.50749969482422,,,-1,-1
2015-11-27,29.572500228881836,29.602500915527344,29.399999618530273,29.452499389648438,52185600,29.452499389648438,,,-1,-1
2015-11-30,29.497499465942383,29.852500915527344,29.4375,29.575000762939453,156721200,29.575000762939453,,,-1,-1
2015-12-01,29.6875,29.702499389648438,29.21500015258789,29.334999084472656,139409600,29.334999084472656,,,-1,-1
2015-12-02,29.334999084472656,29.52750015258789,29.020000457763672,29.06999969482422,133546400,29.06999969482422,,,-1,-1
2015-12-03,29.137500762939453,29.197500228881836,28.55500030517578,28.799999237060547,166278000,28.799999237060547,,,-1,-1
2015-12-04,28.822500228881836,29.8125,28.77750015258789,29.75749969482422,231108000,29.75749969482422,,,-1,-1
2015-12-07,29.7450008392334,29.96500015258789,29.452499389648438,29.56999969482422,128336800,29.56999969482422,,,-1,-1
2015-12-08,29.3799991607666,29.649999618530273,29.21500015258789,29.5575008392334,137238000,29.5575008392334,,,-1,-1
2015-12-09,29.40999984741211,29.422500610351562,28.770000457763672,28.905000686645508,185445600,28.905000686645508,,,-1,-1
2015-12-10,29.010000228881836,29.235000610351562,28.877500534057617,29.042499542236328,116850800,29.042499542236328,,,-1,-1
2015-12-11,28.797500610351562,28.84749984741211,28.212499618530273,28.295000076293945,187544800,28.295000076293945,,,-1,-1
2015-12-14,28.045000076293945,28.170000076293945,27.447500228881836,28.1200008392334,257274800,28.1200008392334,,,-1,-1
2015-12-15,27.985000610351562,28.200000762939453,27.587499618530273,27.622499465942383,213292400,27.622499465942383,,,-1,-1
2015-12-16,27.767499923706055,27.997499465942383,27.200000762939453,27.834999084472656,224954000,27.834999084472656,,,-1,-1
2015-12-17,28.0049991607666,28.0625,27.2450008392334,27.2450008392334,179091200,27.2450008392334,,,-1,-1
2015-12-18,27.227500915527344,27.3799991607666,26.452499389648438,26.50749969482422,385813200,26.50749969482422,,,-1,-1
2015-12-21,26.81999969482422,26.842500686645508,26.392499923706055,26.832500457763672,190362400,26.832500457763672,,,-1,-1
2015-12-22,26.850000381469727,26.93000030517578,26.612499237060547,26.8075008392334,131157600,26.8075008392334,,,-1,-1
2015-12-23,26.8174991607666,27.212499618530273,26.799999237060547,27.15250015258789,130629600,27.15250015258789,,,-1,-1
2015-12-24,27.25,27.25,26.987499237060547,27.00749969482422,54281600,27.00749969482422,,,-1,-1
2015-12-28,26.897499084472656,26.922500610351562,26.545000076293945,26.704999923706055,106816800,26.704999923706055,,,-1,-1
2015-12-29,26.739999771118164,27.357500076293945,26.71500015258789,27.184999465942383,123724800,27.184999465942383,,,-1,-1
2015-12-30,27.145000457763672,27.174999237060547,26.795000076293945,26.829999923706055,100855200,26.829999923706055,,,-1,-1
2015-12-31,26.752500534057617,26.75749969482422,26.204999923706055,26.315000534057617,163649200,26.315000534057617,,,-1,-1
2016-01-04,25.65250015258789,26.342500686645508,25.5,26.337499618530273,270597600,26.337499618530273,,,-1,-1
2016-01-05,26.4375,26.462499618530273,25.602500915527344,25.677499771118164,223164000,25.677499771118164,,,-1,-1
2016-01-06,25.139999389648438,25.592500686645508,24.967500686645508,25.174999237060547,273829600,25.174999237060547,,,-1,-1
2016-01-07,24.670000076293945,25.032499313354492,24.107500076293945,24.112499237060547,324377600,24.112499237060547,,,-1,-1
2016-01-08,24.637500762939453,24.77750015258789,24.190000534057617,24.239999771118164,283192000,24.239999771118164,,,-1,-1
2016-01-11,24.74250030517578,24.764999389648438,24.334999084472656,24.63249969482422,198957600,24.63249969482422,,,-1,-1
2016-01-12,25.137500762939453,25.172500610351562,24.709999084472656,24.989999771118164,196616800,24.989999771118164,,,-1,-1
2016-01-13,25.079999923706055,25.297500610351562,24.325000762939453,24.34749984741211,249758400,24.34749984741211,,,-1,-1
2016-01-14,24.489999771118164,25.1200008392334,23.934999465942383,24.8799991607666,252680400,24.8799991607666,,,-1,-1
2016-01-15,24.049999237060547,24.427499771118164,23.84000015258789,24.282499313354492,319335600,24.282499313354492,,,-1,-1
2016-01-19,24.602500915527344,24.662500381469727,23.875,24.165000915527344,212350800,24.165000915527344,,,-1,-1
2016-01-20,23.774999618530273,24.547500610351562,23.354999542236328,24.197500228881836,289337600,24.197500228881836,,,-1,-1
2016-01-21,24.264999389648438,24.469999313354492,23.735000610351562,24.075000762939453,208646000,24.075000762939453,,,-1,-1
2016-01-22,24.657499313354492,25.364999771118164,24.592500686645508,25.354999542236328,263202000,25.354999542236328,,,-1,-1
2016-01-25,25.3799991607666,25.38249969482422,24.802499771118164,24.860000610351562,207178000,24.860000610351562,,,-1,-1
2016-01-26,24.982500076293945,25.219999313354492,24.517499923706055,24.997499465942383,300308000,24.997499465942383,,,-1,-1
2016-01-27,24.010000228881836,24.157499313354492,23.334999084472656,23.354999542236328,533478800,23.354999542236328,,,-1,-1
2016-01-28,23.447500228881836,23.6299991607666,23.09749984741211,23.522499084472656,222715200,23.522499084472656,,,-1,-1
2016-01-29,23.697500228881836,24.334999084472656,23.587499618530273,24.334999084472656,257666000,24.334999084472656,,,-1,-1
2016-02-01,24.11750030517578,24.177499771118164,23.850000381469727,24.107500076293945,163774000,24.107500076293945,,,-1,-1
2016-02-02,23.854999542236328,24.010000228881836,23.56999969482422,23.6200008392334,149428800,23.6200008392334,,,-1,-1
2016-02-03,23.75,24.209999084472656,23.520000457763672,24.087499618530273,183857200,24.087499618530273,,,-1,-1
2016-02-04,23.96500015258789,24.332500457763672,23.797500610351562,24.149999618530273,185886800,24.149999618530273,,,-1,-1
2016-02-05,24.1299991607666,24.229999542236328,23.422500610351562,23.5049991607666,185672400,23.5049991607666,,,-1,-1
2016-02-08,23.282499313354492,23.924999237060547,23.260000228881836,23.752500534057617,216085600,23.752500534057617,,,-1,-1
2016-02-09,23.572500228881836,23.985000610351562,23.482500076293945,23.747499465942383,177324800,23.747499465942383,,,-1,-1
2016-02-10,23.979999542236328,24.087499618530273,23.524999618530273,23.5674991607666,169374400,23.5674991607666,,,-1,-1
2016-02-11,23.447500228881836,23.68000030517578,23.147499084472656,23.424999237060547,200298800,23.424999237060547,,,-1,-1
2016-02-12,23.547500610351562,23.625,23.252500534057617,23.497499465942383,161405600,23.497499465942383,,,-1,-1
2016-02-16,23.7549991607666,24.212499618530273,23.65250015258789,24.15999984741211,196231600,24.15999984741211,,,-1,-1
2016-02-17,24.167499542236328,24.552499771118164,24.037500381469727,24.530000686645508,179452800,24.530000686645508,,,-1,-1
2016-02-18,24.709999084472656,24.72249984741211,24.022499084472656,24.065000534057617,156084000,24.065000534057617,,,-1,-1
2016-02-19,24.0,24.190000534057617,23.950000762939453,24.010000228881836,141496800,24.010000228881836,,,-1,-1
2016-02-22,24.077499389648438,24.225000381469727,23.979999542236328,24.219999313354492,137123200,24.219999313354492,,,-1,-1
2016-02-23,24.100000381469727,24.125,23.637500762939453,23.672500610351562,127770400,23.672500610351562,,,-1,-1
2016-02-24,23.4950008392334,24.094999313354492,23.329999923706055,24.024999618530273,145022800,24.024999618530273,,,-1,-1
2016-02-25,24.012500762939453,24.190000534057617,23.8125,24.190000534057617,110330800,24.190000534057617,,,-1,-1
2016-02-26,24.299999237060547,24.5049991607666,24.145000457763672,24.227500915527344,115964400,24.227500915527344,,,-1,-1
2016-02-29,24.21500015258789,24.5575008392334,24.162500381469727,24.172500610351562,140865200,24.172500610351562,,,-1,-1
2016-03-01,24.412500381469727,25.1924991607666,24.354999542236328,25.13249969482422,201628400,25.13249969482422,,,-1,-1
2016-03-02,25.127500534057617,25.22249984741211,24.90999984741211,25.1875,132678400,25.1875,,,-1,-1
2016-03-03,25.145000457763672,25.427499771118164,25.112499237060547,25.375,147822800,25.375,,,-1,-1
2016-03-04,25.592500686645508,25.9375,25.342500686645508,25.752500534057617,184220400,25.752500534057617,,,-1,-1
2016-03-07,25.59749984741211,25.707500457763672,25.239999771118164,25.467500686645508,143315600,25.467500686645508,,,-1,-1
2016-03-08,25.19499969482422,25.440000534057617,25.100000381469727,25.25749969482422,126247600,25.25749969482422,,,-1,-1
2016-03-09,25.327499389648438,25.395000457763672,25.0674991607666,25.280000686645508,108806800,25.280000686645508,,,-1,-1
2016-03-10,25.352500915527344,25.559999465942383,25.037500381469727,25.292499542236328,134054400,25.292499542236328,,,-1,-1
2016-03-11,25.559999465942383,25.56999969482422,25.375,25.565000534057617,109632800,25.565000534057617,,,-1,-1
2016-03-14,25.477500915527344,25.727500915527344,25.44499969482422,25.6299991607666,100304400,25.6299991607666,,,-1,-1
2016-03-15,25.989999771118164,26.295000076293945,25.962499618530273,26.145000457763672,160270800,26.145000457763672,,,-1,-1
2016-03-16,26.15250015258789,26.577499389648438,26.147499084472656,26.49250030517578,153214000,26.49250030517578,,,-1,-1
2016-03-17,26.3799991607666,26.61750030517578,26.239999771118164,26.450000762939453,137682800,26.450000762939453,,,-1,-1
2016-03-18,26.584999084472656,26.625,26.297500610351562,26.479999542236328,176820800,26.479999542236328,,,-1,-1
2016-03-21,26.482500076293945,26.912500381469727,26.28499984741211,26.477500915527344,142010800,26.477500915527344,,,-1,-1
2016-03-22,26.3125,26.822500228881836,26.302499771118164,26.68000030517578,129777600,26.68000030517578,,,-1,-1
2016-03-23,26.6200008392334,26.767499923706055,26.475000381469727,26.532499313354492,102814000,26.532499313354492,,,-1,-1
2016-03-24,26.36750030517578,26.5625,26.22249984741211,26.417499542236328,104532000,26.417499542236328,,,-1,-1
2016-03-28,26.5,26.547500610351562,26.264999389648438,26.297500610351562,77645600,26.297500610351562,,,-1,-1
2016-03-29,26.22249984741211,26.947500228881836,26.219999313354492,26.920000076293945,124760400,26.920000076293945,,,-1,-1
2016-03-30,27.162500381469727,27.604999542236328,27.149999618530273,27.389999389648438,182404400,27.389999389648438,,,-1,-1
2016-03-31,27.43000030517578,27.475000381469727,27.219999313354492,27.247499465942383,103553600,27.247499465942383,,,-1,-1
2016-04-01,27.19499969482422,27.5,27.049999237060547,27.497499465942383,103496000,27.497499465942383,,,-1,-1
2016-04-04,27.604999542236328,28.047500610351562,27.5674991607666,27.780000686645508,149424800,27.780000686645508,,,-1,-1
2016-04-05,27.377500534057617,27.6825008392334,27.354999542236328,27.452499389648438,106314800,27.452499389648438,,,-1,-1
2016-04-06,27.5575008392334,27.7450008392334,27.299999237060547,27.739999771118164,105616400,27.739999771118164,,,-1,-1
2016-04-07,27.487499237060547,27.604999542236328,27.030000686645508,27.135000228881836,127207600,27.135000228881836,,,-1,-1
2016-04-08,27.227500915527344,27.4424991607666,27.042499542236328,27.165000915527344,94326800,27.165000915527344,,,-1,-1
2016-04-11,27.24250030517578,27.65250015258789,27.207500457763672,27.2549991607666,117630000,27.2549991607666,,,-1,-1
2016-04-12,27.334999084472656,27.625,27.165000915527344,27.610000610351562,108929200,27.610000610351562,,,-1,-1
2016-04-13,27.700000762939453,28.084999084472656,27.700000762939453,28.010000228881836,133029200,28.010000228881836,,,-1,-1
2016-04-14,27.905000686645508,28.09749984741211,27.832500457763672,28.024999618530273,101895600,28.024999618530273,,,-1,-1
2016-04-15,28.02750015258789,28.075000762939453,27.4325008392334,27.462499618530273,187756000,27.462499618530273,,,-1,-1
2016-04-18,27.22249984741211,27.237499237060547,26.735000610351562,26.8700008392334,243286000,26.8700008392334,,,-1,-1
2016-04-19,26.969999313354492,27.0,26.5575008392334,26.727500915527344,129539600,26.727500915527344,,,-1,-1
2016-04-20,26.65999984741211,27.022499084472656,26.514999389648438,26.782499313354492,122444000,26.782499313354492,,,-1,-1
2016-04-21,26.732500076293945,26.732500076293945,26.3799991607666,26.49250030517578,126210000,26.49250030517578,,,-1,-1
2016-04-22,26.252500534057617,26.6200008392334,26.155000686645508,26.420000076293945,134732400,26.420000076293945,,,-1,-1
2016-04-25,26.25,26.412500381469727,26.127500534057617,26.270000457763672,112126400,26.270000457763672,,,-1,-1
2016-04-26,25.977500915527344,26.325000762939453,25.977500915527344,26.087499618530273,224064800,26.087499618530273,,,-1,-1
2016-04-27,24.0,24.677499771118164,23.920000076293945,24.454999923706055,458408400,24.454999923706055,,,-1,-1
2016-04-28,24.40250015258789,24.469999313354492,23.5625,23.707500457763672,328970800,23.707500457763672,,,-1,-1
2016-04-29,23.497499465942383,23.68000030517578,23.127500534057617,23.434999465942383,274126000,23.434999465942383,,,-1,-1
2016-05-02,23.49250030517578,23.520000457763672,23.100000381469727,23.40999984741211,192640400,23.40999984741211,,,-1,-1
2016-05-03,23.549999237060547,23.934999465942383,23.420000076293945,23.795000076293945,227325200,23.795000076293945,,,-1,-1
2016-05-04,23.799999237060547,23.975000381469727,23.454999923706055,23.547500610351562,164102000,23.547500610351562,,,-1,-1
2016-05-05,23.5,23.517499923706055,23.170000076293945,23.309999465942383,143562000,23.309999465942383,,,-1,-1
2016-05-06,23.342500686645508,23.362499237060547,22.962499618530273,23.18000030517578,174799600,23.18000030517578,,,-1,-1
2016-05-09,23.25,23.4424991607666,23.147499084472656,23.197500228881836,131745600,23.197500228881836,,,-1,-1
2016-05-10,23.332500457763672,23.392499923706055,23.02750015258789,23.354999542236328,134747200,23.354999542236328,,,-1,-1
2016-05-11,23.3700008392334,23.392499923706055,23.114999771118164,23.127500534057617,114876400,23.127500534057617,,,-1,-1
2016-05-12,23.18000030517578,23.19499969482422,22.36750030517578,22.584999084472656,305258800,22.584999084472656,,,-1,-1
2016-05-13,22.5,22.917499542236328,22.5,22.6299991607666,177571200,22.6299991607666,,,-1,-1
2016-05-16,23.09749984741211,23.59749984741211,22.912500381469727,23.469999313354492,245039200,23.469999313354492,,,-1,-1
2016-05-17,23.637500762939453,23.674999237060547,23.252500534057617,23.372499465942383,187667600,23.372499465942383,,,-1,-1
2016-05-18,23.540000915527344,23.802499771118164,23.47249984741211,23.639999389648438,168249600,23.639999389648438,,,-1,-1
2016-05-19,23.65999984741211,23.65999984741211,23.392499923706055,23.549999237060547,121768400,23.549999237060547,,,-1,-1
2016-05-20,23.65999984741211,23.857500076293945,23.6299991607666,23.80500030517578,128104000,23.80500030517578,,,-1,-1
2016-05-23,23.967500686645508,24.297500610351562,23.917499542236328,24.107500076293945,152074400,24.107500076293945,,,-1,-1
2016-05-24,24.30500030517578,24.522499084472656,24.209999084472656,24.475000381469727,140560800,24.475000381469727,,,-1,-1
2016-05-25,24.667499542236328,24.934999465942383,24.52750015258789,24.905000686645508,152675200,24.905000686645508,,,-1,-1
2016-05-26,24.920000076293945,25.1825008392334,24.65999984741211,25.102500915527344,225324800,25.102500915527344,,,-1,-1
2016-05-27,24.860000610351562,25.11750030517578,24.8125,25.087499618530273,145364800,25.087499618530273,,,-1,-1
2016-05-31,24.899999618530273,25.100000381469727,24.704999923706055,24.96500015258789,169228800,24.96500015258789,,,-1,-1
2016-06-01,24.7549991607666,24.885000228881836,24.582500457763672,24.614999771118164,116693200,24.614999771118164,,,-1,-1
2016-06-02,24.399999618530273,24.459999084472656,24.157499313354492,24.43000030517578,160766400,24.43000030517578,,,-1,-1
2016-06-03,24.447500228881836,24.5674991607666,24.362499237060547,24.479999542236328,114019600,24.479999542236328,,,-1,-1
2016-06-06,24.497499465942383,25.47249984741211,24.387500762939453,24.657499313354492,93170000,24.657499313354492,,,-1,-1
2016-06-07,24.8125,24.967500686645508,24.739999771118164,24.75749969482422,89638000,24.75749969482422,,,-1,-1
2016-06-08,24.7549991607666,24.889999389648438,24.670000076293945,24.735000610351562,83392400,24.735000610351562,,,-1,-1
2016-06-09,24.625,24.997499465942383,24.614999771118164,24.912500381469727,106405600,24.912500381469727,,,-1,-1
2016-06-10,24.63249969482422,24.837499618530273,24.6200008392334,24.707500457763672,126851600,24.707500457763672,,,-1,-1
2016-06-13,24.672500610351562,24.780000686645508,24.274999618530273,24.334999084472656,152082000,24.334999084472656,,,-1,-1
2016-06-14,24.329999923706055,24.6200008392334,24.1875,24.364999771118164,127727600,24.364999771118164,,,-1,-1
2016-06-15,24.454999923706055,24.602500915527344,24.25749969482422,24.28499984741211,117780800,24.28499984741211,,,-1,-1
2016-06-16,24.112499237060547,24.4375,24.017499923706055,24.387500762939453,125307200,24.387500762939453,,,-1,-1
2016-06-17,24.155000686645508,24.162500381469727,23.825000762939453,23.832500457763672,244032800,23.832500457763672,,,-1,-1
2016-06-20,24.0,24.142499923706055,23.75749969482422,23.774999618530273,137647600,23.774999618530273,,,-1,-1
2016-06-21,23.735000610351562,24.087499618530273,23.670000076293945,23.977500915527344,142185600,23.977500915527344,,,-1,-1
2016-06-22,24.0625,24.22249984741211,23.837499618530273,23.887500762939453,116876400,23.887500762939453,,,-1,-1
2016-06-23,23.985000610351562,24.072500228881836,23.8125,24.024999618530273,128960800,24.024999618530273,,,-1,-1
2016-06-24,23.227500915527344,23.665000915527344,23.162500381469727,23.350000381469727,301245600,23.350000381469727,,,-1,-1
2016-06-27,23.25,23.262500762939453,22.875,23.010000228881836,181958400,23.010000228881836,,,-1,-1
2016-06-28,23.225000381469727,23.415000915527344,23.03499984741211,23.397499084472656,161779600,23.397499084472656,,,-1,-1
2016-06-29,23.49250030517578,23.637500762939453,23.407499313354492,23.600000381469727,146124000,23.600000381469727,,,-1,-1
2016-06-30,23.610000610351562,23.9424991607666,23.575000762939453,23.899999618530273,143345600,23.899999618530273,,,-1,-1
2016-07-01,23.872499465942383,24.11750030517578,23.832500457763672,23.97249984741211,104106000,23.97249984741211,23.841803254256174,23.9408794028416,-1,-1
2016-07-05,23.84749984741211,23.850000381469727,23.614999771118164,23.747499465942383,110820800,23.747499465942383,24.002663064803915,23.736191901504135,1,-1
2016-07-06,23.649999618530273,23.915000915527344,23.592500686645508,23.88249969482422,123796400,23.88249969482422,23.99299868041612,23.832235891065448,1,-1
2016-07-07,23.924999237060547,24.125,23.905000686645508,23.985000610351562,100558400,23.985000610351562,23.815932313548192,23.955876629224083,-1,-1
2016-07-08,24.122499465942383,24.22249984741211,24.012500762939453,24.170000076293945,115648400,24.170000076293945,23.884019155753258,24.13825227643225,-1,-1
2016-07-11,24.1875,24.412500381469727,24.1825008392334,24.2450008392334,95179600,24.2450008392334,24.284946548461914,24.217222650025573,1,-1
2016-07-12,24.292499542236328,24.424999237060547,24.280000686645508,24.354999542236328,96670000,24.354999542236328,24.329520611119783,24.320146215125877,-1,-1
2016-07-13,24.352500915527344,24.417499542236328,24.209999084472656,24.217500686645508,103568800,24.217500686645508,24.223092423131952,24.212590227053987,1,-1
2016-07-14,24.34749984741211,24.747499465942383,24.329999923706055,24.697500228881836,155676000,24.697500228881836,24.713274538477418,24.635697276934298,1,-1
2016-07-15,24.729999542236328,24.825000762939453,24.625,24.69499969482422,120548000,24.69499969482422,24.55782188838917,24.674727186663418,-1,-1
2016-07-18,24.674999237060547,25.032499313354492,24.649999618530273,24.957500457763672,145975600,24.957500457763672,24.76115013089839,24.903171327674805,-1,-1
2016-07-19,24.889999389648438,25.0,24.834999084472656,24.967500686645508,95119600,24.967500686645508,24.716735216438856,24.929241336813842,-1,-1
2016-07-20,25.0,25.114999771118164,24.934999465942383,24.989999771118164,105104000,24.989999771118164,24.594611856035407,24.96577507689453,-1,-1
2016-07-21,24.957500457763672,25.25,24.782499313354492,24.857500076293945,130808000,24.857500076293945,24.697562584647716,24.862653630903466,-1,1
2016-07-22,24.815000534057617,24.825000762939453,24.577499389648438,24.665000915527344,113254800,24.665000915527344,24.591541449966016,24.660792446453105,-1,-1
2016-07-25,24.5625,24.709999084472656,24.229999542236328,24.334999084472656,161531600,24.334999084472656,24.519008524583654,24.355072007994426,1,1
2016-07-26,24.204999923706055,24.49250030517578,24.104999542236328,24.167499542236328,224959200,24.167499542236328,24.467556889663832,24.16036259862655,1,-1
2016-07-27,26.0674991607666,26.087499618530273,25.6875,25.737499237060547,369379200,25.737499237060547,25.295624504089357,25.762010589821642,-1,1
2016-07-28,25.707500457763672,26.112499237060547,25.704999923706055,26.084999084472656,159479200,26.084999084472656,25.521029163996378,26.016876561740464,-1,-1
2016-07-29,26.047500610351562,26.137500762939453,25.920000076293945,26.052499771118164,110934800,26.052499771118164,26.079259716987607,26.024606573005364,1,-1
2016-08-01,26.102500915527344,26.537500381469727,26.102500915527344,26.512500762939453,152671600,26.512500762939453,26.518175412919785,26.440822296079766,1,-1
2016-08-02,26.512500762939453,26.517499923706055,26.0,26.1200008392334,135266400,26.1200008392334,26.607368495411347,26.159034471926446,1,1
2016-08-03,26.202499389648438,26.459999084472656,26.1924991607666,26.447500228881836,120810400,26.447500228881836,26.139350521829396,26.389827313344927,-1,-1
2016-08-04,26.395000457763672,26.5,26.31999969482422,26.467500686645508,109634800,26.467500686645508,26.24682135020362,26.42805336187895,-1,-1
2016-08-05,26.5674991607666,26.912500381469727,26.545000076293945,26.8700008392334,162213600,26.8700008392334,26.789899014367,26.808832789070905,-1,-1
2016-08-08,26.8799991607666,27.092500686645508,26.790000915527344,27.092500686645508,112148800,27.092500686645508,27.17693591381324,27.038380825332318,1,-1
2016-08-09,27.0575008392334,27.235000610351562,27.002500534057617,27.202499389648438,105260800,27.202499389648438,26.943827867208626,27.155257314581146,-1,-1
2016-08-10,27.177499771118164,27.225000381469727,26.940000534057617,27.0,96034000,27.0,26.890544114358505,26.999566079639592,-1,-1
2016-08-11,27.1299991607666,27.232500076293945,26.962499618530273,26.982500076293945,109938000,26.982500076293945,26.89520664852729,26.978968971665992,-1,-1
2016-08-12,26.94499969482422,27.110000610351562,26.94499969482422,27.045000076293945,74641600,27.045000076293945,27.054621997125228,27.002712158815395,1,-1
2016-08-15,27.03499984741211,27.385000228881836,27.020000457763672,27.3700008392334,103472800,27.3700008392334,27.468548256624658,27.30383765607667,1,-1
2016-08-16,27.407499313354492,27.5575008392334,27.302499771118164,27.344999313354492,135177600,27.344999313354492,27.71005659809004,27.328942758973866,1,-1
2016-08-17,27.274999618530273,27.342500686645508,27.084999084472656,27.30500030517578,101424000,27.30500030517578,27.46853851983451,27.271959535351627,1,-1
2016-08-18,27.3075008392334,27.399999618530273,27.2549991607666,27.270000457763672,87938800,27.270000457763672,27.662934536428043,27.245118732591227,1,-1
2016-08-19,27.1924991607666,27.422500610351562,27.09000015258789,27.34000015258789,101472400,27.34000015258789,27.67431496984484,27.297274586032728,1,-1
2016-08-22,27.21500015258789,27.274999618530273,26.962499618530273,27.127500534057617,103280800,27.127500534057617,26.984342894254826,27.114224869942845,-1,-1
2016-08-23,27.147499084472656,27.329999923706055,27.13249969482422,27.212499618530273,85030800,27.212499618530273,27.023150377677112,27.176940969600494,-1,-1
2016-08-24,27.142499923706055,27.1875,26.920000076293945,27.00749969482422,94700400,27.00749969482422,26.880514127023293,26.999874472962773,-1,-1
2016-08-25,26.84749984741211,26.969999313354492,26.670000076293945,26.892499923706055,100344800,26.892499923706055,26.78303975073496,26.861126832834866,-1,-1
2016-08-26,26.852500915527344,26.987499237060547,26.577499389648438,26.735000610351562,111065200,26.735000610351562,26.93628669723357,26.732666524192595,1,-1
2016-08-29,26.655000686645508,26.860000610351562,26.572500228881836,26.704999923706055,99881200,26.704999923706055,26.701735536045497,26.67590756966673,-1,-1
2016-08-30,26.450000762939453,26.625,26.375,26.5,99455600,26.5,26.43534420781665,26.4689040929658,-1,-1
2016-08-31,26.415000915527344,26.642499923706055,26.40999984741211,26.524999618530273,118649600,26.524999618530273,26.430192887994977,26.48588614731963,-1,-1
2016-09-01,26.53499984741211,26.700000762939453,26.405000686645508,26.6825008392334,106806000,26.6825008392334,26.477603908909696,26.636994473285757,-1,-1
2016-09-02,26.924999237060547,27.0,26.704999923706055,26.9325008392334,107210000,26.9325008392334,27.398978343737248,26.90481991793432,1,-1
2016-09-06,26.975000381469727,27.075000762939453,26.877500534057617,26.924999237060547,107521600,26.924999237060547,27.253713133512637,26.904208746450834,1,-1
2016-09-07,26.957500457763672,27.190000534057617,26.767499923706055,27.09000015258789,169457200,27.09000015258789,27.15091025011949,27.052071542205688,1,-1
2016-09-08,26.8125,26.8174991607666,26.309999465942383,26.3799991607666,212008000,26.3799991607666,26.697325237539086,26.42376311704276,1,1
2016-09-09,26.15999984741211,26.43000030517578,25.782499313354492,25.782499313354492,186228000,25.782499313354492,25.94144362608592,25.83328752500761,1,1
2016-09-12,25.662500381469727,26.43000030517578,25.63249969482422,26.360000610351562,181171200,26.360000610351562,25.677529064814248,26.267601088623625,-1,-1
2016-09-13,26.877500534057617,27.197500228881836,26.809999465942383,26.987499237060547,248704800,26.987499237060547,27.24221528943862,26.95467402524687,1,-1
2016-09-14,27.1825008392334,28.25749969482422,27.149999618530273,27.9424991607666,443554800,27.9424991607666,28.415630319926244,27.856790976645332,1,-1
2016-09-15,28.46500015258789,28.9325008392334,28.372499465942383,28.892499923706055,359934400,28.892499923706055,28.873847541173294,28.81774493019415,-1,-1
2016-09-16,28.780000686645508,29.032499313354492,28.510000228881836,28.729999542236328,319547600,28.729999542236328,29.48299540011088,28.720268257063413,1,-1
2016-09-19,28.797500610351562,29.045000076293945,28.3125,28.395000457763672,188092000,28.395000457763672,28.792201776292586,28.44773570262473,1,1
2016-09-20,28.262500762939453,28.530000686645508,28.127500534057617,28.392499923706055,138057200,28.392499923706055,28.608968497064378,28.354214128427298,1,-1
2016-09-21,28.462499618530273,28.497499465942383,28.110000610351562,28.387500762939453,144012800,28.387500762939453,28.595571011967127,28.371450739202853,1,-1
2016-09-22,28.587499618530273,28.735000610351562,28.5,28.655000686645508,124296000,28.655000686645508,29.36433762550354,28.616452085140082,1,-1
2016-09-23,28.604999542236328,28.697500228881836,27.887500762939453,28.177499771118164,209924800,28.177499771118164,27.74092275847945,28.230576141900208,-1,1
2016-09-26,27.90999984741211,28.34749984741211,27.887500762939453,28.219999313354492,119477600,28.219999313354492,28.216355599081297,28.162605933910285,-1,-1
2016-09-27,28.25,28.295000076293945,28.084999084472656,28.272499084472656,98429600,28.272499084472656,27.680518741190763,28.23700212997915,-1,-1
2016-09-28,28.422500610351562,28.65999984741211,28.357500076293945,28.487499237060547,118564400,28.487499237060547,28.63955837885539,28.4551352117509,1,-1
2016-09-29,28.290000915527344,28.450000762939453,27.950000762939453,28.045000076293945,143548000,28.045000076293945,27.668527245772452,28.063915833327844,-1,1
2016-09-30,28.114999771118164,28.342500686645508,27.950000762939453,28.262500762939453,145516400,28.262500762939453,27.79525589793341,28.219773905740734,-1,-1
2016-10-03,28.177499771118164,28.262500762939453,28.06999969482422,28.1299991607666,86807200,28.1299991607666,27.493436115800076,28.106639417124903,-1,-1
2016-10-04,28.264999389648438,28.577499389648438,28.157499313354492,28.25,118947200,28.25,27.366876917806994,28.236772117149243,-1,-1
2016-10-05,28.350000381469727,28.415000915527344,28.172500610351562,28.262500762939453,85812400,28.262500762939453,27.791903677398132,28.245899225416686,-1,-1
2016-10-06,28.424999237060547,28.584999084472656,28.282499313354492,28.47249984741211,115117200,28.47249984741211,28.595741755167648,28.439919024288447,1,-1
2016-10-07,28.577499389648438,28.639999389648438,28.377500534057617,28.514999389648438,97433600,28.514999389648438,28.744075183868407,28.49457797345705,1,-1
2016-10-10,28.7549991607666,29.1875,28.68000030517578,29.012500762939453,144944000,29.012500762939453,29.19586862480946,28.963112586998,1,-1
2016-10-11,29.424999237060547,29.672500610351562,29.049999237060547,29.075000762939453,256164000,29.075000762939453,29.010044448590705,29.11464293516329,-1,1
2016-10-12,29.337499618530273,29.4950008392334,29.1875,29.334999084472656,150347200,29.334999084472656,29.0160110620579,29.308645588025687,-1,-1
2016-10-13,29.197500228881836,29.360000610351562,28.93000030517578,29.2450008392334,140769600,29.2450008392334,28.973231752058528,29.215057673286804,-1,-1
2016-10-14,29.469999313354492,29.542499542236328,29.282499313354492,29.407499313354492,142608800,29.407499313354492,29.068966996264543,29.385687925237775,-1,-1
2016-10-17,29.332500457763672,29.459999084472656,29.19499969482422,29.387500762939453,94499600,29.387500762939453,28.998653342973622,29.35031887212641,-1,-1
2016-10-18,29.545000076293945,29.552499771118164,29.362499237060547,29.36750030517578,98214000,29.36750030517578,29.20900023932684,29.35934570624583,-1,-1
2016-10-19,29.3125,29.440000534057617,28.450000762939453,29.280000686645508,80138400,29.280000686645508,29.028883194015144,29.27866098831329,-1,-1
2016-10-20,29.21500015258789,29.344999313354492,29.082500457763672,29.264999389648438,96503200,29.264999389648438,28.990426078887218,29.22875927733143,-1,-1
2016-10-21,29.202499389648438,29.227500915527344,29.06999969482422,29.149999618530273,92770800,29.149999618530273,28.74190381790343,29.122572035566634,-1,-1
2016-10-24,29.274999618530273,29.434999465942383,29.25,29.412500381469727,94154800,29.412500381469727,29.00933666969481,29.361357596865798,-1,-1
2016-10-25,29.487499237060547,29.59000015258789,29.327499389648438,29.5625,192516000,29.5625,29.210703737070432,29.519944430754737,-1,-1
2016-10-26,28.577499389648438,28.924999237060547,28.327499389648438,28.897499084472656,264536800,28.897499084472656,28.955542331695554,28.836856162377593,1,-1
2016-10-27,28.84749984741211,28.96500015258789,28.524999618530273,28.6200008392334,138248000,28.6200008392334,29.308437582651777,28.632015844484304,1,1
2016-10-28,28.467500686645508,28.802499771118164,28.362499237060547,28.43000030517578,151446800,28.43000030517578,28.856698105600145,28.42113866952139,1,-1
2016-10-31,28.412500381469727,28.5575008392334,28.299999237060547,28.385000228881836,105677600,28.385000228881836,28.83912508328756,28.362282985701896,1,-1
2016-11-01,28.364999771118164,28.4424991607666,27.63249969482422,27.872499465942383,175303200,27.872499465942383,27.884808112976785,27.935820380650313,1,1
2016-11-02,27.850000381469727,28.087499618530273,27.8075008392334,27.897499084472656,113326800,27.897499084472656,27.71012358251107,27.868025567422816,-1,-1
2016-11-03,27.7450008392334,27.864999771118164,27.387500762939453,27.457500457763672,107730400,27.457500457763672,27.701490145772894,27.481943327765126,1,1
2016-11-04,27.13249969482422,27.5625,27.02750015258789,27.209999084472656,123348000,27.209999084472656,27.13612200623192,27.19187922982814,-1,-1
2016-11-07,27.520000457763672,27.627500534057617,27.364999771118164,27.602500915527344,130240000,27.602500915527344,27.721137385164173,27.56232909497846,1,-1
2016-11-08,27.577499389648438,27.93000030517578,27.424999237060547,27.764999389648438,97016800,27.764999389648438,27.68998271422939,27.725496632842766,-1,-1
2016-11-09,27.469999313354492,27.829999923706055,27.012500762939453,27.719999313354492,236705600,27.719999313354492,27.676172310063293,27.679251023243214,-1,-1
2016-11-10,27.772499084472656,27.772499084472656,26.457500457763672,26.947500228881836,228538000,26.947500228881836,27.28076894446782,27.075297331618692,1,1
2016-11-11,26.780000686645508,27.217500686645508,26.637500762939453,27.107500076293945,136575600,27.107500076293945,27.339080336344363,27.052412347853632,1,-1
2016-11-14,26.927499771118164,26.952499389648438,26.020000457763672,26.427499771118164,204702000,26.427499771118164,26.917160329228356,26.495382600721086,1,1
2016-11-15,26.642499923706055,26.920000076293945,26.540000915527344,26.77750015258789,129058000,26.77750015258789,26.743034458690218,26.740468997235084,-1,-1
2016-11-16,26.674999237060547,27.5575008392334,26.649999618530273,27.497499465942383,235362000,27.497499465942383,27.559056908824523,27.391414657688152,1,-1
2016-11-17,27.452499389648438,27.587499618530273,27.207500457763672,27.487499237060547,110528000,27.487499237060547,27.58016276616546,27.45965423444424,1,-1
2016-11-18,27.43000030517578,27.635000228881836,27.415000915527344,27.514999389648438,113715600,27.514999389648438,27.721137385164173,27.477185618729326,1,-1
2016-11-21,27.530000686645508,27.997499465942383,27.502500534057617,27.9325008392334,117058400,27.9325008392334,27.81135691760466,27.863452668544806,-1,-1
2016-11-22,27.987499237060547,28.104999542236328,27.850000381469727,27.950000762939453,103862000,27.950000762939453,27.68246536784847,27.928316671119582,-1,-1
2016-11-23,27.84000015258789,27.877500534057617,27.582500457763672,27.8075008392334,109705600,27.8075008392334,27.68250859146893,27.783324109811637,-1,-1
2016-11-25,27.782499313354492,27.967500686645508,27.737499237060547,27.947500228881836,45903600,27.947500228881836,27.70891179451447,27.896957507682096,-1,-1
2016-11-28,27.857500076293945,28.11750030517578,27.84749984741211,27.892499923706055,108776000,27.892499923706055,27.75433881783593,27.86557175038125,-1,-1
2016-11-29,27.69499969482422,28.00749969482422,27.517499923706055,27.864999771118164,114115200,27.864999771118164,27.749093591223204,27.825895223879485,-1,-1
2016-11-30,27.899999618530273,28.049999237060547,27.5674991607666,27.6299991607666,144649200,27.6299991607666,27.6804967737,27.652424957603312,1,1
2016-12-01,27.592500686645508,27.735000610351562,27.25749969482422,27.372499465942383,148347600,27.372499465942383,27.661201599808724,27.387077969922924,1,1
2016-12-02,27.292499542236328,27.522499084472656,27.212499618530273,27.475000381469727,106112000,27.475000381469727,27.551109533397234,27.425948708327095,1,-1
2016-12-05,27.5,27.50749969482422,27.0625,27.27750015258789,137298000,27.27750015258789,27.65921883715149,27.286536917713164,1,1
2016-12-06,27.375,27.59000015258789,27.297500610351562,27.487499237060547,104782000,27.487499237060547,27.580357223127486,27.448152579287548,1,-1
2016-12-07,27.315000534057617,27.797500610351562,27.290000915527344,27.75749969482422,119994800,27.75749969482422,27.657237880609745,27.683438989066584,-1,-1
2016-12-08,27.71500015258789,28.107500076293945,27.649999618530273,28.030000686645508,108273200,28.030000686645508,27.744353564821918,27.970408045918756,-1,-1
2016-12-09,28.077499389648438,28.674999237060547,28.077499389648438,28.487499237060547,137610400,28.487499237060547,28.661998490439522,28.42442075423017,1,-1
2016-12-12,28.322500228881836,28.75,28.122499465942383,28.325000762939453,105497600,28.325000762939453,28.334274313109262,28.319823948950827,1,-1
2016-12-13,28.459999084472656,28.979999542236328,28.4375,28.797500610351562,174935200,28.797500610351562,28.731702068328858,28.740165087885554,-1,-1
2016-12-14,28.760000228881836,29.049999237060547,28.7450008392334,28.797500610351562,136127200,28.797500610351562,29.33757714589437,28.770868850176335,1,-1
2016-12-15,28.844999313354492,29.1825008392334,28.8075008392334,28.954999923706055,186098000,28.954999923706055,29.35710717711489,28.92038649982478,1,-1
2016-12-16,29.11750030517578,29.125,28.912500381469727,28.99250030517578,177404400,28.99250030517578,28.762917694424406,28.976623963560364,-1,-1
2016-12-19,28.950000762939453,29.344999313354492,28.9375,29.15999984741211,111117600,29.15999984741211,28.816429163614913,29.113615915298066,-1,-1
2016-12-20,29.184999465942383,29.375,29.170000076293945,29.237499237060547,85700000,29.237499237060547,28.940119830222358,29.20157929603898,-1,-1
2016-12-21,29.200000762939453,29.350000381469727,29.19499969482422,29.264999389648438,95132800,29.264999389648438,29.001126110803515,29.223958001465697,-1,-1
2016-12-22,29.087499618530273,29.127500534057617,28.90999984741211,29.072500228881836,104343600,29.072500228881836,28.40420965757824,29.04166568655133,-1,-1
2016-12-23,28.897499084472656,29.1299991607666,28.897499084472656,29.1299991607666,56998000,29.1299991607666,28.803841232299806,29.069177001805016,-1,-1
2016-12-27,29.1299991607666,29.450000762939453,29.122499465942383,29.315000534057617,73187600,29.315000534057617,28.9983838092259,29.267342738990383,-1,-1
2016-12-28,29.3799991607666,29.5049991607666,29.049999237060547,29.190000534057617,83623600,29.190000534057617,28.91806762459165,29.196736289774176,-1,1
2016-12-29,29.112499237060547,29.27750015258789,29.100000381469727,29.1825008392334,60158000,29.1825008392334,28.52687481244405,29.1424189135345,-1,-1
2016-12-30,29.162500381469727,29.299999237060547,28.857500076293945,28.954999923706055,122345200,28.954999923706055,28.719493379047943,28.96446838781808,-1,1
2017-01-03,28.950000762939453,29.082500457763672,28.690000534057617,29.037500381469727,115127600,29.037500381469727,28.90257880592346,28.99963517504308,-1,-1
2017-01-04,28.962499618530273,29.127500534057617,28.9375,29.0049991607666,84472400,29.0049991607666,28.379230658213295,28.969542823647913,-1,-1
2017-01-05,28.979999542236328,29.21500015258789,28.952499389648438,29.15250015258789,88774400,29.15250015258789,28.384199811208813,29.101599429043578,-1,-1
2017-01-06,29.19499969482422,29.540000915527344,29.11750030517578,29.477500915527344,127007600,29.477500915527344,28.948304584594,29.41784734202426,-1,-1
2017-01-09,29.487499237060547,29.857500076293945,29.485000610351562,29.747499465942383,134247600,29.747499465942383,29.50109495453607,29.690315985538863,-1,-1
2017-01-10,29.6924991607666,29.844999313354492,29.575000762939453,29.77750015258789,97848400,29.77750015258789,29.99174937216441,29.73622083178689,1,-1
2017-01-11,29.684999465942383,29.982500076293945,29.649999618530273,29.9375,110354400,29.9375,30.10582395807902,29.877457639278713,1,-1
2017-01-12,29.725000381469727,29.825000762939453,29.552499771118164,29.8125,108344800,29.8125,30.038642257690427,29.768738122012582,1,-1
2017-01-13,29.77750015258789,29.905000686645508,29.702499389648438,29.760000228881836,104447600,29.760000228881836,29.965900641123447,29.731504774997454,1,-1
2017-01-17,29.584999084472656,30.059999465942383,29.55500030517578,30.0,137759200,30.0,29.72337284474146,29.92653920289966,-1,-1
2017-01-18,30.0,30.125,29.927499771118164,29.997499465942383,94852000,29.997499465942383,30.07977115821838,29.966208153507704,1,-1
2017-01-19,29.850000381469727,30.022499084472656,29.842500686645508,29.94499969482422,102389200,29.94499969482422,30.073000288327535,29.89993099713833,1,-1
2017-01-20,30.112499237060547,30.112499237060547,29.9325008392334,30.0,130391600,30.0,30.142346097946167,29.98000466982704,1,-1
2017-01-23,30.0,30.202499389648438,29.9424991607666,30.020000457763672,88200800,30.020000457763672,30.07784614753723,29.990144858032686,1,-1
2017-01-24,29.887500762939453,30.024999618530273,29.875,29.99250030517578,92844000,29.99250030517578,30.01984614086151,29.943662883077895,1,-1
2017-01-25,30.104999542236328,30.524999618530273,30.06999969482422,30.469999313354492,129510400,30.469999313354492,30.51362476348877,30.400067319084954,1,-1
2017-01-26,30.417499542236328,30.610000610351562,30.399999618530273,30.485000610351562,105350400,30.485000610351562,30.345793833732603,30.445083074541134,-1,-1
2017-01-27,30.53499984741211,30.587499618530273,30.399999618530273,30.487499237060547,82251600,30.487499237060547,30.375343890190123,30.459523972901703,-1,-1
2017-01-30,30.232500076293945,30.407499313354492,30.165000915527344,30.407499313354492,121510000,30.407499313354492,30.366749897003174,30.351228087205563,-1,-1
2017-01-31,30.287500381469727,30.34749984741211,30.155000686645508,30.337499618530273,196804000,30.337499618530273,30.114639329955693,30.293931794039526,-1,-1
2017-02-01,31.75749969482422,32.622501373291016,31.752500534057617,32.1875,447940000,32.1875,32.09284677777971,32.131582448848825,-1,-1
2017-02-02,31.9950008392334,32.34749984741211,31.94499969482422,32.13249969482422,134841600,32.13249969482422,31.9613050117094,32.09117785529375,-1,-1
2017-02-03,32.07749938964844,32.29750061035156,32.040000915527344,32.27000045776367,98029200,32.27000045776367,32.29009956041972,32.21087282712296,1,-1
2017-02-06,32.282501220703125,32.625,32.224998474121094,32.5724983215332,107383600,32.5724983215332,32.56406449339125,32.50682566942266,-1,-1
2017-02-07,32.6349983215332,33.022499084472656,32.61249923706055,32.88249969482422,152735200,32.88249969482422,32.724687750725515,32.82453158317287,-1,-1
2017-02-08,32.837501525878906,33.05500030517578,32.80500030517578,33.0099983215332,92016400,33.0099983215332,32.55226895713806,32.952675482963684,-1,-1
2017-02-09,32.912498474121094,33.11249923706055,32.779998779296875,33.10499954223633,113399600,33.10499954223633,32.498332809448236,33.04606932311897,-1,-1
2017-02-10,33.1150016784668,33.23500061035156,33.01250076293945,33.029998779296875,80262000,33.029998779296875,32.45571469688415,33.007976568354245,-1,-1
2017-02-13,33.27000045776367,33.45500183105469,33.1875,33.3224983215332,92141600,33.3224983215332,32.279025927679875,33.282567212275175,-1,-1
2017-02-14,33.36750030517578,33.772499084472656,33.3125,33.755001068115234,132904800,33.755001068115234,32.275226069586616,33.67658786117424,-1,-1
2017-02-15,33.880001068115234,34.067501068115234,33.654998779296875,33.877498626708984,142492400,33.877498626708984,32.275426226752145,33.84928291975556,-1,-1
2017-02-16,33.91749954223633,33.974998474121094,33.709999084472656,33.837501525878906,90338400,33.837501525878906,32.271526232855656,33.812375966406215,-1,-1
2017-02-17,33.775001525878906,33.95750045776367,33.775001525878906,33.93000030517578,88792800,33.93000030517578,32.271526232855656,33.87074627821516,-1,-1
2017-02-21,34.057498931884766,34.1875,33.994998931884766,34.17499923706055,98028800,34.17499923706055,32.271526232855656,34.119393159074406,-1,-1
2017-02-22,34.10749816894531,34.279998779296875,34.02750015258789,34.27750015258789,83347600,34.27750015258789,32.271526232855656,34.2172455026456,-1,-1
2017-02-23,34.345001220703125,34.369998931884766,34.07500076293945,34.13249969482422,83152800,34.13249969482422,32.271526232855656,34.127176735977265,-1,-1
2017-02-24,33.977500915527344,34.165000915527344,33.81999969482422,34.165000915527344,87106400,34.165000915527344,32.271526232855656,34.10554603006061,-1,-1
2017-02-27,34.28499984741211,34.36000061035156,34.06999969482422,34.23249816894531,81029600,34.23249816894531,32.271526232855656,34.20410465567989,-1,-1
2017-02-28,34.27000045776367,34.36000061035156,34.17499923706055,34.247501373291016,93931600,34.247501373291016,32.271526232855656,34.21170504726361,-1,-1
2017-03-01,34.47249984741211,35.037498474121094,34.400001525878906,34.9474983215332,145658400,34.9474983215332,32.275426226752145,34.86532230108513,-1,-1
2017-03-02,35.0,35.06999969482422,34.689998626708984,34.7400016784668,104844000,34.7400016784668,32.271526232855656,34.74526567553969,-1,1
2017-03-03,34.69499969482422,34.95750045776367,34.647499084472656,34.94499969482422,84432400,34.94499969482422,32.271526232855656,34.876653024352024,-1,-1
2017-03-06,34.842498779296875,34.942501068115234,34.650001525878906,34.834999084472656,87000000,34.834999084472656,32.271526232855656,34.79979330655901,-1,-1
2017-03-07,34.76499938964844,34.994998931884766,34.6974983215332,34.880001068115234,69785200,34.880001068115234,32.271526232855656,34.831125954307176,-1,-1
2017-03-08,34.73749923706055,34.95000076293945,34.70500183105469,34.75,74828800,34.75,32.271526232855656,34.71482406806999,-1,-1
2017-03-09,34.685001373291016,34.6974983215332,34.26250076293945,34.66999816894531,88623600,34.66999816894531,32.271526232855656,34.63713168464396,-1,-1
2017-03-10,34.8125,34.84000015258789,34.65999984741211,34.78499984741211,78451200,34.78499984741211,32.271526232855656,34.74683882723403,-1,-1
2017-03-13,34.712501525878906,34.85749816894531,34.70500183105469,34.79999923706055,69686800,34.79999923706055,32.271526232855656,34.747815502014966,-1,-1
2017-03-14,34.82500076293945,34.912498474121094,34.709999084472656,34.747501373291016,61236400,34.747501373291016,32.271526232855656,34.72028245021253,-1,-1
2017-03-15,34.852500915527344,35.1875,34.75749969482422,35.1150016784668,102767200,35.1150016784668,32.271526232855656,35.05073038711566,-1,-1
2017-03-16,35.18000030517578,35.255001068115234,35.064998626708984,35.17250061035156,76928000,35.17250061035156,32.271526232855656,35.1328569324745,-1,-1
2017-03-17,35.25,35.25,34.97249984741211,34.997501373291016,175540000,34.997501373291016,32.267251158850534,34.994722681898175,-1,-1
2017-03-20,35.099998474121094,35.375,35.057498931884766,35.3650016784668,86168000,35.3650016784668,32.271526232855656,35.29444580349989,-1,-1
2017-03-21,35.52750015258789,35.70000076293945,34.932498931884766,34.959999084472656,158119600,34.959999084472656,32.267251158850534,35.02763617591576,-1,1
2017-03-22,34.962501525878906,35.400001525878906,34.939998626708984,35.35499954223633,103440800,35.35499954223633,32.271526232855656,35.27515089904097,-1,-1
2017-03-23,35.314998626708984,35.39500045776367,35.15250015258789,35.22999954223633,81385200,35.22999954223633,32.271526232855656,35.203992569198036,-1,-1
2017-03-24,35.375,35.435001373291016,35.087501525878906,35.15999984741211,89582400,35.15999984741211,32.271526232855656,35.15651480082482,-1,-1
2017-03-27,34.84749984741211,35.30500030517578,34.654998779296875,35.220001220703125,94300400,35.220001220703125,32.271526232855656,35.15006337686916,-1,-1
2017-03-28,35.227500915527344,36.0099983215332,35.154998779296875,35.95000076293945,133499200,35.95000076293945,32.270726252692086,35.84328082170643,-1,-1
2017-03-29,35.91999816894531,36.122501373291016,35.79750061035156,36.029998779296875,116760000,36.029998779296875,32.271526232855656,35.979602891707636,-1,-1
2017-03-30,36.04750061035156,36.125,35.875,35.98249816894531,84829200,35.98249816894531,32.271526232855656,35.9524565886126,-1,-1
2017-03-31,35.93000030517578,36.067501068115234,35.752498626708984,35.915000915527344,78646800,35.915000915527344,32.271526232855656,35.88166918480219,-1,-1
2017-04-03,35.9275016784668,36.029998779296875,35.76250076293945,35.92499923706055,79942800,35.92499923706055,32.271526232855656,35.886921739163085,-1,-1
2017-04-04,35.8125,36.22249984741211,35.79249954223633,36.192501068115234,79565600,36.192501068115234,32.271526232855656,36.11170168585751,-1,-1
2017-04-05,36.05500030517578,36.3650016784668,35.95249938964844,36.005001068115234,110871600,36.005001068115234,32.271526232855656,35.98621003812223,-1,-1
2017-04-06,36.0724983215332,36.130001068115234,35.86249923706055,35.915000915527344,84596000,35.915000915527344,32.271526232855656,35.89911083318986,-1,-1
2017-04-07,35.932498931884766,36.04499816894531,35.817501068115234,35.834999084472656,66688800,35.834999084472656,32.271526232855656,35.811029653281594,-1,-1
2017-04-10,35.900001525878906,35.970001220703125,35.724998474121094,35.79249954223633,75733600,35.79249954223633,32.271526232855656,35.76894115217419,-1,-1
2017-04-11,35.73500061035156,35.837501525878906,35.01499938964844,35.407501220703125,121517600,35.407501220703125,32.271526232855656,35.43679247657743,-1,1
2017-04-12,35.400001525878906,35.537498474121094,35.252498626708984,35.45000076293945,81400000,35.45000076293945,32.271526232855656,35.40632916855903,-1,-1
2017-04-13,35.477500915527344,35.595001220703125,35.26250076293945,35.26250076293945,71291600,35.26250076293945,32.271526232855656,35.26081421171327,-1,-1
2017-04-17,35.369998931884766,35.470001220703125,35.217498779296875,35.45750045776367,66328400,35.45750045776367,32.271526232855656,35.40575088972335,-1,-1
2017-04-18,35.352500915527344,35.5099983215332,35.27750015258789,35.29999923706055,58790000,35.29999923706055,32.271526232855656,35.271778330537245,-1,-1
2017-04-19,35.470001220703125,35.5,35.11249923706055,35.16999816894531,69313600,35.16999816894531,32.271526232855656,35.17990441478165,-1,1
2017-04-20,35.30500030517578,35.72999954223633,35.290000915527344,35.61000061035156,93278400,35.61000061035156,32.271526232855656,35.54233534332681,-1,-1
2017-04-21,35.61000061035156,35.66999816894531,35.462501525878906,35.567501068115234,69283600,35.567501068115234,32.271526232855656,35.53275253514084,-1,-1
2017-04-24,35.875,35.98749923706055,35.79499816894531,35.90999984741211,68537200,35.90999984741211,32.271526232855656,35.86437103750393,-1,-1
2017-04-25,35.977500915527344,36.224998474121094,35.967498779296875,36.13249969482422,75486000,36.13249969482422,32.271526232855656,36.075109685410844,-1,-1
2017-04-26,36.11750030517578,36.150001525878906,35.845001220703125,35.91999816894531,80164800,35.91999816894531,32.271526232855656,35.91050697294455,-1,-1
2017-04-27,35.97999954223633,36.040000915527344,35.82749938964844,35.9474983215332,56985200,35.9474983215332,32.271526232855656,35.910957401805895,-1,-1
2017-04-28,36.022499084472656,36.07500076293945,35.817501068115234,35.912498474121094,83441600,35.912498474121094,32.271526232855656,35.88878867711093,-1,-1
2017-05-01,36.275001525878906,36.79999923706055,36.2400016784668,36.64500045776367,134411600,36.64500045776367,32.270726252692086,36.57292435750776,-1,-1
2017-05-02,36.8849983215332,37.022499084472656,36.709999084472656,36.877498626708984,181408800,36.877498626708984,32.25787615885053,36.84054651608654,-1,-1
2017-05-03,36.397499084472656,36.872501373291016,36.067501068115234,36.76499938964844,182788000,36.76499938964844,32.25787615885053,36.69817033847427,-1,-1
2017-05-04,36.630001068115234,36.78499984741211,36.45249938964844,36.63249969482422,93487600,36.63249969482422,32.271526232855656,36.59652294203289,-1,-1
2017-05-05,36.689998626708984,37.244998931884766,36.689998626708984,37.2400016784668,109310800,37.2400016784668,32.271526232855656,37.14054654104056,-1,-1
2017-05-08,37.25749969482422,38.42499923706055,37.25749969482422,38.252498626708984,195009600,38.252498626708984,32.26182199587141,38.12413765351821,-1,-1
2017-05-09,38.467498779296875,38.720001220703125,38.36249923706055,38.497501373291016,156521600,38.497501373291016,32.268901168005804,38.45855243165592,-1,-1
2017-05-10,38.407501220703125,38.48500061035156,38.02750015258789,38.314998626708984,103222800,38.314998626708984,32.271526232855656,38.29209427411304,-1,-1
2017-05-11,38.11249923706055,38.51750183105469,38.07749938964844,38.48749923706055,109020400,38.48749923706055,32.271526232855656,38.40410700541641,-1,-1
2017-05-12,38.67499923706055,39.10499954223633,38.66749954223633,39.025001525878906,130108000,39.025001525878906,32.270726252692086,38.9453960062642,-1,-1
2017-05-15,39.002498626708984,39.162498474121094,38.76250076293945,38.92499923706055,104038800,38.92499923706055,32.271526232855656,38.90034599262849,-1,-1
2017-05-16,38.98500061035156,39.01499938964844,38.68000030517578,38.86750030517578,80194000,38.86750030517578,32.271526232855656,38.84238410027868,-1,-1
2017-05-17,38.400001525878906,38.64250183105469,37.4275016784668,37.5625,203070800,37.5625,32.26182199587141,37.68407867262491,-1,1
2017-05-18,37.817501068115234,38.334999084472656,37.782501220703125,38.1349983215332,134272800,38.1349983215332,32.270726252692086,38.06845849850226,-1,-1
2017-05-19,38.345001220703125,38.494998931884766,38.157501220703125,38.26499938964844,107843200,38.26499938964844,32.271526232855656,38.23932406304045,-1,-1
2017-05-22,38.5,38.64500045776367,38.227500915527344,38.497501373291016,91865600,38.497501373291016,32.271526232855656,38.4619311892936,-1,-1
2017-05-23,38.724998474121094,38.724998474121094,38.32749938964844,38.45000076293945,79675600,38.45000076293945,32.271526232855656,38.45055014633951,-1,1
2017-05-24,38.459999084472656,38.54249954223633,38.16749954223633,38.334999084472656,76712000,38.334999084472656,32.271526232855656,38.31504598057055,-1,-1
2017-05-25,38.432498931884766,38.587501525878906,38.25749969482422,38.467498779296875,76942400,38.467498779296875,32.271526232855656,38.42405492218519,-1,-1
2017-05-26,38.5,38.560001373291016,38.32749938964844,38.40250015258789,87710400,38.40250015258789,32.271526232855656,38.372898298179386,-1,-1
2017-05-30,38.35499954223633,38.60749816894531,38.33250045776367,38.41749954223633,80507600,38.41749954223633,32.271526232855656,38.37191269425144,-1,-1
2017-05-31,38.49250030517578,38.54249954223633,38.095001220703125,38.189998626708984,97804800,38.189998626708984,32.271526232855656,38.19841109584328,-1,1
2017-06-01,38.29249954223633,38.33250045776367,38.05500030517578,38.29499816894531,65616400,38.29499816894531,32.271526232855656,38.25091904210397,-1,-1
2017-06-02,38.39500045776367,38.86249923706055,38.22249984741211,38.86249923706055,111082800,38.86249923706055,32.271526232855656,38.77275076917864,-1,-1
2017-06-05,38.584999084472656,38.61249923706055,38.3650016784668,38.48249816894531,101326800,38.48249816894531,32.271526232855656,38.452625996181304,-1,-1
2017-06-06,38.474998474121094,38.95249938964844,38.44499969482422,38.61249923706055,106499600,38.61249923706055,32.271526232855656,38.57049271887698,-1,-1
2017-06-07,38.755001068115234,38.994998931884766,38.619998931884766,38.842498779296875,84278400,38.842498779296875,32.271526232855656,38.79498063212913,-1,-1
2017-06-08,38.8125,38.8849983215332,38.599998474121094,38.747501373291016,85003200,38.747501373291016,32.271526232855656,38.71450283185323,-1,-1
2017-06-09,38.79750061035156,38.79750061035156,36.505001068115234,37.244998931884766,259530800,37.244998931884766,32.2304594203404,37.500338576040974,-1,1
2017-06-12,36.435001373291016,36.522499084472656,35.627498626708984,36.35499954223633,289229200,36.35499954223633,32.25412193025861,36.34464373380723,-1,-1
2017-06-13,36.790000915527344,36.86249923706055,36.287498474121094,36.647499084472656,136661600,36.647499084472656,32.270726252692086,36.63766246262759,-1,-1
2017-06-14,36.875,36.875,35.959999084472656,36.290000915527344,126124800,36.290000915527344,32.270726252692086,36.35668517151652,-1,1
2017-06-15,35.83000183105469,36.119998931884766,35.5525016784668,36.0724983215332,128661600,36.0724983215332,32.270726252692086,36.01217642741135,-1,-1
2017-06-16,35.94499969482422,36.125,35.54999923706055,35.567501068115234,201444400,35.567501068115234,32.26182199587141,35.598934476077474,-1,1
2017-06-19,35.915000915527344,36.685001373291016,35.915000915527344,36.584999084472656,130165600,36.584999084472656,32.270726252692086,36.482484793908974,-1,-1
2017-06-20,36.717498779296875,36.717498779296875,36.23500061035156,36.252498626708984,99600400,36.252498626708984,32.271526232855656,36.28782520678777,-1,1
2017-06-21,36.380001068115234,36.51750183105469,36.15250015258789,36.467498779296875,85063200,36.467498779296875,32.271526232855656,36.41901825080294,-1,-1
2017-06-22,36.442501068115234,36.67499923706055,36.279998779296875,36.407501220703125,76425200,36.407501220703125,32.271526232855656,36.38268032994797,-1,-1
2017-06-23,36.282501220703125,36.790000915527344,36.27750015258789,36.56999969482422,141757600,36.56999969482422,32.275426226752145,36.508584706705165,-1,-1
2017-06-26,36.79249954223633,37.06999969482422,36.345001220703125,36.45500183105469,102769600,36.45500183105469,32.271526232855656,36.48834011474259,-1,1
2017-06-27,36.252498626708984,36.540000915527344,35.904998779296875,35.932498931884766,99047600,35.932498931884766,32.271526232855656,35.96154463371062,-1,1
2017-06-28,36.122501373291016,36.52750015258789,35.790000915527344,36.45750045776367,88329600,36.45750045776367,32.271526232855656,36.3923480213084,-1,-1
2017-06-29,36.1775016784668,36.282501220703125,35.56999969482422,35.91999816894531,125997600,35.91999816894531,32.270726252692086,35.93447290024042,-1,1
2017-06-30,36.11249923706055,36.2400016784668,35.94499969482422,36.005001068115234,92096400,36.005001068115234,32.271526232855656,35.98470787388046,-1,-1
2017-07-03,36.220001220703125,36.32500076293945,35.775001525878906,35.875,57111200,35.875,32.271526232855656,35.89882634281583,-1,1
2017-07-05,35.92250061035156,36.1974983215332,35.68000030517578,36.022499084472656,86278400,36.022499084472656,32.271526232855656,35.982604232009166,-1,-1
2017-07-06,35.755001068115234,35.875,35.602500915527344,35.682498931884766,96515200,35.682498931884766,32.271526232855656,35.65622732780346,-1,-1
2017-07-07,35.724998474121094,36.1875,35.724998474121094,36.04499816894531,76806800,36.04499816894531,32.271526232855656,35.97670631993105,-1,-1
2017-07-10,36.02750015258789,36.48749923706055,35.842498779296875,36.26499938964844,84362400,36.26499938964844,32.271526232855656,36.214521685221726,-1,-1
2017-07-11,36.182498931884766,36.462501525878906,36.095001220703125,36.38249969482422,79127200,36.38249969482422,32.271526232855656,36.322363218342396,-1,-1
2017-07-12,36.467498779296875,36.54499816894531,36.20500183105469,36.435001373291016,99538000,36.435001373291016,32.271526232855656,36.401894416636495,-1,-1
2017-07-13,36.375,37.122501373291016,36.36000061035156,36.942501068115234,100797600,36.942501068115234,32.271526232855656,36.85453880337658,-1,-1
2017-07-14,36.99250030517578,37.33250045776367,36.83250045776367,37.2599983215332,80528400,37.2599983215332,32.271526232855656,37.194533687412445,-1,-1
2017-07-17,37.20500183105469,37.724998474121094,37.14250183105469,37.38999938964844,95174000,37.38999938964844,32.271526232855656,37.346372121234076,-1,-1
2017-07-18,37.29999923706055,37.532501220703125,37.16749954223633,37.52000045776367,71475200,37.52000045776367,32.271526232855656,37.45337778510473,-1,-1
2017-07-19,37.619998931884766,37.85499954223633,37.48749923706055,37.755001068115234,83692000,37.755001068115234,32.271526232855656,37.7012336377234,-1,-1
2017-07-20,37.875,37.935001373291016,37.54750061035156,37.584999084472656,68974800,37.584999084472656,32.271526232855656,37.591174125729744,-1,1
2017-07-21,37.497501373291016,37.61000061035156,37.220001220703125,37.567501068115234,105010400,37.567501068115234,32.271526232855656,37.5197968794871,-1,-1
2017-07-24,37.64500045776367,38.11000061035156,37.474998474121094,38.022499084472656,85972800,38.022499084472656,32.271526232855656,37.947829137382584,-1,-1
2017-07-25,37.95000076293945,38.459999084472656,37.95000076293945,38.185001373291016,75415600,38.185001373291016,32.271526232855656,38.13016382119177,-1,-1
2017-07-26,38.337501525878906,38.48249816894531,38.26499938964844,38.3650016784668,63124000,38.3650016784668,32.271526232855656,38.319197947904726,-1,-1
2017-07-27,38.4375,38.497501373291016,36.82500076293945,37.63999938964844,129905200,37.63999938964844,32.270726252692086,37.76292988396528,-1,1
2017-07-28,37.47249984741211,37.557498931884766,37.29750061035156,37.375,68854800,37.375,32.271526232855656,37.3488086875695,-1,-1
2017-07-31,37.474998474121094,37.58250045776367,37.032501220703125,37.182498931884766,79383600,37.182498931884766,32.271526232855656,37.19627147009777,-1,1
2017-08-01,37.275001525878906,37.55500030517578,37.102500915527344,37.51250076293945,141474400,37.51250076293945,32.275426226752145,37.44694944739399,-1,-1
2017-08-02,39.81999969482422,39.9375,39.040000915527344,39.28499984741211,279747200,39.28499984741211,32.2304594203404,39.342220325411155,-1,1
2017-08-03,39.26250076293945,39.3025016784668,38.755001068115234,38.89250183105469,108389200,38.89250183105469,32.271526232855656,38.91291731673152,-1,1
2017-08-04,39.01750183105469,39.349998474121094,38.92250061035156,39.09749984741211,82239600,39.09749984741211,32.271526232855656,39.055956264245594,-1,-1
2017-08-07,39.26499938964844,39.72999954223633,39.16749954223633,39.70249938964844,87481200,39.70249938964844,32.271526232855656,39.61401554185184,-1,-1
2017-08-08,39.650001525878906,40.45750045776367,39.567501068115234,40.02000045776367,144823600,40.02000045776367,32.275426226752145,39.96402386005615,-1,-1
2017-08-09,39.814998626708984,40.317501068115234,39.77750015258789,40.26499938964844,104526000,40.26499938964844,32.271526232855656,40.17438774506412,-1,-1
2017-08-10,39.974998474121094,40.0,38.657501220703125,38.83000183105469,163217200,38.83000183105469,32.267251158850534,38.99326826120873,-1,1
2017-08-11,39.150001525878906,39.64250183105469,39.01750183105469,39.369998931884766,105028400,39.369998931884766,32.271526232855656,39.31835808253981,-1,-1
2017-08-14,39.83000183105469,40.0525016784668,39.6875,39.962501525878906,88490800,39.962501525878906,32.271526232855656,39.90546108424069,-1,-1
2017-08-15,40.165000915527344,40.54999923706055,40.03499984741211,40.400001525878906,117862000,40.400001525878906,32.271526232855656,40.33701477487887,-1,-1
2017-08-16,40.48500061035156,40.627498626708984,40.037498474121094,40.23749923706055,110686400,40.23749923706055,32.271526232855656,40.24233012833805,-1,1
2017-08-17,40.130001068115234,40.1775016784668,39.459999084472656,39.46500015258789,111762400,39.46500015258789,32.271526232855656,39.53562452660841,-1,1
2017-08-18,39.46500015258789,39.875,39.18000030517578,39.375,109712400,39.375,32.271526232855656,39.37016198501499,-1,-1
2017-08-21,39.375,39.47249984741211,38.77750015258789,39.3025016784668,105474000,39.3025016784668,32.271526232855656,39.28310043044193,-1,-1
2017-08-22,39.557498931884766,40.0,39.505001068115234,39.94499969482422,86418400,39.94499969482422,32.271526232855656,39.86100205787322,-1,-1
2017-08-23,39.76750183105469,40.11750030517578,39.720001220703125,39.994998931884766,77596400,39.994998931884766,32.271526232855656,39.92923086031179,-1,-1
2017-08-24,40.10749816894531,40.185001373291016,39.63750076293945,39.817501068115234,79275600,39.817501068115234,32.271526232855656,39.82601398181762,-1,1
2017-08-25,39.912498474121094,40.13999938964844,39.817501068115234,39.96500015258789,101920400,39.96500015258789,32.271526232855656,39.91908039877059,-1,-1
2017-08-28,40.03499984741211,40.5,39.98249816894531,40.36750030517578,103864000,40.36750030517578,32.271526232855656,40.29278546722543,-1,-1
2017-08-29,40.025001525878906,40.779998779296875,40.0,40.727500915527344,118067600,40.727500915527344,32.271526232855656,40.61408438885733,-1,-1
2017-08-30,40.95000076293945,40.97249984741211,40.65250015258789,40.837501525878906,109078400,40.837501525878906,32.271526232855656,40.807846829537084,-1,-1
2017-08-31,40.90999984741211,41.130001068115234,40.869998931884766,41.0,107140400,41.0,32.271526232855656,40.9446137591825,-1,-1
2017-09-01,41.20000076293945,41.23500061035156,40.907501220703125,41.01250076293945,66364400,41.01250076293945,32.271526232855656,40.99533880226051,-1,-1
2017-09-05,40.9375,41.0625,40.13999938964844,40.52000045776367,117874000,40.52000045776367,32.271526232855656,40.560063844076204,-1,1
2017-09-06,40.6775016784668,40.747501373291016,40.130001068115234,40.477500915527344,86606800,40.477500915527344,32.271526232855656,40.472957911153614,-1,-1
2017-09-07,40.522499084472656,40.560001373291016,40.09000015258789,40.314998626708984,87714000,40.314998626708984,32.271526232855656,40.30609865875644,-1,-1
2017-09-08,40.21500015258789,40.287498474121094,39.63249969482422,39.657501220703125,114446000,39.657501220703125,32.271526232855656,39.71028206530043,-1,1
2017-09-11,40.125,40.51250076293945,39.97249984741211,40.375,126323200,40.375,32.270726252692086,40.3104990947769,-1,-1
2017-09-12,40.65250015258789,40.9900016784668,39.692501068115234,40.21500015258789,286856000,40.21500015258789,32.25412193025861,40.276397765939315,-1,1
2017-09-13,39.967498779296875,39.9900016784668,39.477500915527344,39.912498474121094,179629600,39.912498474121094,32.25787615885053,39.880364092011305,-1,-1
2017-09-14,39.747501373291016,39.849998474121094,39.522499084472656,39.56999969482422,95042800,39.56999969482422,32.271526232855656,39.55558714741714,-1,-1
2017-09-15,39.61750030517578,40.24250030517578,39.5,39.970001220703125,196458400,39.970001220703125,32.26182199587141,39.904777432487236,-1,-1
2017-09-18,40.02750015258789,40.125,39.5,39.66749954223633,113077600,39.66749954223633,32.271526232855656,39.689812638021074,-1,1
2017-09-19,39.877498626708984,39.942501068115234,39.61000061035156,39.682498931884766,83242400,39.682498931884766,32.271526232855656,39.66946728857269,-1,-1
2017-09-20,39.474998474121094,39.564998626708984,38.45750045776367,39.01750183105469,211805600,39.01750183105469,32.25974699129377,39.069137225854206,-1,1
2017-09-21,38.95000076293945,38.95000076293945,38.1875,38.34749984741211,150046800,38.34749984741211,32.275426226752145,38.40916320932814,-1,1
2017-09-22,37.8849983215332,38.067501068115234,37.63999938964844,37.97249984741211,186581600,37.97249984741211,32.25787615885053,37.92452256680187,-1,-1
2017-09-25,37.497501373291016,37.95750045776367,37.290000915527344,37.63750076293945,177549200,37.63750076293945,32.267251158850534,37.599917331421295,-1,-1
2017-09-26,37.94499969482422,38.47999954223633,37.92250061035156,38.28499984741211,146640000,38.28499984741211,32.275426226752145,38.21547273234674,-1,-1
2017-09-27,38.45000076293945,38.68000030517578,38.3849983215332,38.557498931884766,102016800,38.557498931884766,32.271526232855656,38.50428841384139,-1,-1
2017-09-28,38.47249984741211,38.56999969482422,38.17499923706055,38.31999969482422,88022000,38.31999969482422,32.271526232855656,38.30538433892604,-1,-1
2017-09-29,38.3025016784668,38.532501220703125,38.0,38.529998779296875,105199200,38.529998779296875,32.271526232855656,38.46546717538684,-1,-1
2017-10-02,38.564998626708984,38.61249923706055,38.18000030517578,38.45249938964844,74795200,38.45249938964844,32.271526232855656,38.430874338354386,-1,-1
2017-10-03,38.502498626708984,38.772499084472656,38.477500915527344,38.619998931884766,64921200,38.619998931884766,32.271526232855656,38.56707308853912,-1,-1
2017-10-04,38.407501220703125,38.46500015258789,38.1150016784668,38.369998931884766,80655200,38.369998931884766,32.271526232855656,38.3347172515904,-1,-1
2017-10-05,38.54499816894531,38.86000061035156,38.51250076293945,38.84749984741211,85135200,38.84749984741211,32.271526232855656,38.76878958440638,-1,-1
2017-10-06,38.74250030517578,38.872501373291016,38.63999938964844,38.82500076293945,69630400,38.82500076293945,32.271526232855656,38.769875199981634,-1,-1
2017-10-09,38.95249938964844,39.182498931884766,38.872501373291016,38.959999084472656,65051600,38.959999084472656,32.271526232855656,38.92251773140796,-1,-1
2017-10-10,39.01499938964844,39.5,38.775001525878906,38.974998474121094,62468000,38.974998474121094,32.271526232855656,38.96726470745428,-1,-1
2017-10-11,38.99250030517578,39.244998931884766,38.9375,39.13750076293945,67622400,39.13750076293945,32.271526232855656,39.07928949530601,-1,-1
2017-10-12,39.087501525878906,39.342498779296875,38.932498931884766,39.0,64500400,39.0,32.271526232855656,38.98114650526312,-1,-1
2017-10-13,39.182498931884766,39.31999969482422,39.102500915527344,39.247501373291016,65576800,39.247501373291016,32.271526232855656,39.19436876746784,-1,-1
2017-10-16,39.474998474121094,40.0,39.412498474121094,39.970001220703125,96486000,39.970001220703125,32.271526232855656,39.875233882309445,-1,-1
2017-10-17,39.94499969482422,40.217498779296875,39.807498931884766,40.11750030517578,75989200,40.11750030517578,32.271526232855656,40.05748024423261,-1,-1
2017-10-18,40.10499954223633,40.1775016784668,39.900001525878906,39.939998626708984,65496800,39.939998626708984,32.271526232855656,39.92077445227336,-1,-1
2017-10-19,39.1875,39.27000045776367,38.755001068115234,38.994998931884766,170336800,38.994998931884766,32.267251158850534,38.98785587628184,-1,-1
2017-10-20,39.15250015258789,39.4375,38.9900016784668,39.0625,95896400,39.0625,32.271526232855656,39.04591574396663,-1,-1
2017-10-23,39.22249984741211,39.42250061035156,38.875,39.04249954223633,87937200,39.04249954223633,32.271526232855656,39.03970456056639,-1,-1
2017-10-24,39.0724983215332,39.35499954223633,39.04999923706055,39.275001525878906,71028800,39.275001525878906,32.271526232855656,39.20875637159161,-1,-1
2017-10-25,39.227500915527344,39.38750076293945,38.817501068115234,39.102500915527344,84828400,39.102500915527344,32.271526232855656,39.09030346895068,-1,-1
2017-10-26,39.307498931884766,39.45750045776367,39.19499969482422,39.352500915527344,68002000,39.352500915527344,32.271526232855656,39.30413589029226,-1,-1
2017-10-27,39.8224983215332,40.900001525878906,39.67499923706055,40.76250076293945,177816800,40.76250076293945,32.267251158850534,40.63763133207177,-1,-1
2017-10-30,40.97249984741211,42.01750183105469,40.93000030517578,41.68000030517578,178803200,41.68000030517578,32.25787615885053,41.5843510725785,-1,-1
2017-10-31,41.974998474121094,42.412498474121094,41.73500061035156,42.2599983215332,144187200,42.2599983215332,32.275426226752145,42.193395606720536,-1,-1
2017-11-01,42.467498779296875,42.48500061035156,41.40250015258789,41.72249984741211,134551200,41.72249984741211,32.270726252692086,41.812064618018155,-1,1
2017-11-02,41.650001525878906,42.125,41.31999969482422,42.02750015258789,165573600,42.02750015258789,32.267251158850534,41.95202106454153,-1,-1
2017-11-03,43.5,43.564998626708984,42.779998779296875,43.125,237594400,43.125,32.25352197756086,43.14718248311046,-1,1
2017-11-06,43.092498779296875,43.747501373291016,42.93000030517578,43.5625,140105200,43.5625,32.277076235907415,43.478158420844295,-1,-1
2017-11-07,43.477500915527344,43.8125,43.400001525878906,43.70249938964844,97446000,43.70249938964844,32.271526232855656,43.631663525367806,-1,-1
2017-11-08,43.665000915527344,44.060001373291016,43.58250045776367,44.060001373291016,97638000,44.060001373291016,32.271526232855656,43.966680070297,-1,-1
2017-11-09,43.77750015258789,44.025001525878906,43.28499984741211,43.970001220703125,117930400,43.970001220703125,32.271526232855656,43.91019564889395,-1,-1
2017-11-10,43.77750015258789,43.845001220703125,43.567501068115234,43.66749954223633,100582000,43.66749954223633,32.271526232855656,43.63406744149054,-1,-1
2017-11-13,43.375,43.625,43.349998474121094,43.49250030517578,67928400,43.49250030517578,32.271526232855656,43.43142604964141,-1,-1
2017-11-14,43.2599983215332,43.369998931884766,42.79499816894531,42.834999084472656,99130000,42.834999084472656,32.271526232855656,42.86207698695133,-1,1
2017-11-15,42.49250030517578,42.58000183105469,42.095001220703125,42.27000045776367,116632400,42.27000045776367,32.271526232855656,42.26279264584177,-1,-1
2017-11-16,42.79499816894531,42.967498779296875,42.57500076293945,42.775001525878906,94550000,42.775001525878906,32.271526232855656,42.73648563757715,-1,-1
2017-11-17,42.7599983215332,42.84749984741211,42.40999984741211,42.537498474121094,87598000,42.537498474121094,32.271526232855656,42.52877516855129,-1,-1
2017-11-20,42.5724983215332,42.63999938964844,42.38999938964844,42.494998931884766,65049600,42.494998931884766,32.271526232855656,42.45769607215999,-1,-1
2017-11-21,42.69499969482422,43.42499923706055,42.69499969482422,43.28499984741211,100525200,43.28499984741211,32.271526232855656,43.18312840890351,-1,-1
2017-11-22,43.34000015258789,43.75,43.26250076293945,43.7400016784668,102355600,43.7400016784668,32.271526232855656,43.6471818799916,-1,-1
2017-11-24,43.775001525878906,43.875,43.662498474121094,43.74250030517578,56106800,43.74250030517578,32.271526232855656,43.69671900572041,-1,-1
2017-11-27,43.76250076293945,43.77000045776367,43.334999084472656,43.522499084472656,82867200,43.522499084472656,32.271526232855656,43.51201704982637,-1,-1
2017-11-28,43.57500076293945,43.717498779296875,42.96500015258789,43.26750183105469,105715200,43.26750183105469,32.271526232855656,43.28239864959879,-1,1
2017-11-29,43.157501220703125,43.22999954223633,41.790000915527344,42.369998931884766,166665600,42.369998931884766,32.267251158850534,42.477879302948196,-1,1
2017-11-30,42.60749816894531,43.03499984741211,42.11000061035156,42.962501525878906,166108800,42.962501525878906,32.267251158850534,42.89102048181583,-1,-1
2017-12-01,42.48749923706055,42.91749954223633,42.125,42.76250076293945,159037200,42.76250076293945,32.267251158850534,42.699801155614146,-1,-1
2017-12-04,43.119998931884766,43.154998779296875,42.407501220703125,42.45000076293945,130169600,42.45000076293945,32.270726252692086,42.51750945119592,-1,1
2017-12-05,42.26499938964844,42.880001068115234,42.099998474121094,42.40999984741211,109400800,42.40999984741211,32.271526232855656,42.375110312035176,-1,-1
2017-12-06,41.875,42.54999923706055,41.6150016784668,42.252498626708984,114240000,42.252498626708984,32.271526232855656,42.18886574603184,-1,-1
2017-12-07,42.25749969482422,42.61000061035156,42.227500915527344,42.33000183105469,102693200,42.33000183105469,32.271526232855656,42.284335337091655,-1,-1
2017-12-08,42.622501373291016,42.75,42.20500183105469,42.342498779296875,93420800,42.342498779296875,32.271526232855656,42.34767281579563,-1,1
2017-12-11,42.29999923706055,43.22249984741211,42.1974983215332,43.16749954223633,141095200,43.16749954223633,32.275426226752145,43.038852211428456,-1,-1
2017-12-12,43.037498474121094,43.09749984741211,42.8650016784668,42.92499923706055,77636800,42.92499923706055,32.271526232855656,42.891560631804076,-1,-1
2017-12-13,43.125,43.3849983215332,43.0,43.067501068115234,95273600,43.067501068115234,32.271526232855656,43.03750059668288,-1,-1
2017-12-14,43.099998474121094,43.282501220703125,42.912498474121094,43.05500030517578,81906000,43.05500030517578,32.271526232855656,43.01979055800093,-1,-1
2017-12-15,43.407501220703125,43.54249954223633,43.1150016784668,43.49250030517578,160677200,43.49250030517578,32.267251158850534,43.43571283969474,-1,-1
2017-12-18,43.720001220703125,44.29999923706055,43.71500015258789,44.10499954223633,117684400,44.10499954223633,32.271526232855656,44.023327263397476,-1,-1
2017-12-19,43.75749969482422,43.84749984741211,43.522499084472656,43.6349983215332,109745600,43.6349983215332,32.271526232855656,43.60575605858617,-1,-1
2017-12-20,43.717498779296875,43.85499954223633,43.3125,43.587501525878906,93902400,43.587501525878906,32.271526232855656,43.56807785538109,-1,-1
2017-12-21,43.54249954223633,44.005001068115234,43.525001525878906,43.752498626708984,83799600,43.752498626708984,32.271526232855656,43.690999083935466,-1,-1
2017-12-22,43.66999816894531,43.85499954223633,43.625,43.752498626708984,65397600,43.752498626708984,32.271526232855656,43.692634952835505,-1,-1
2017-12-26,42.70000076293945,42.86750030517578,42.41999816894531,42.64250183105469,132742000,42.64250183105469,32.270726252692086,42.61105135628502,-1,-1
2017-12-27,42.525001525878906,42.69499969482422,42.4275016784668,42.650001525878906,85992800,42.650001525878906,32.271526232855656,42.585448215235544,-1,-1
2017-12-28,42.75,42.962501525878906,42.619998931884766,42.77000045776367,65920800,42.77000045776367,32.271526232855656,42.7256223203248,-1,-1
2017-12-29,42.630001068115234,42.647499084472656,42.30500030517578,42.307498931884766,103999600,42.307498931884766,42.943117934140304,42.358229844086914,1,1
2018-01-02,42.540000915527344,43.07500076293945,42.314998626708984,43.064998626708984,102223600,43.064998626708984,42.92877385162585,43.021111143982125,-1,-1
2018-01-03,43.13249969482422,43.63750076293945,42.9900016784668,43.057498931884766,118071600,43.057498931884766,43.2101249186198,43.16207579056572,1,1
2018-01-04,43.1349983215332,43.36750030517578,43.02000045776367,43.25749969482422,89738400,43.25749969482422,43.01937510172527,43.27475278641617,-1,1
2018-01-05,43.36000061035156,43.842498779296875,43.26250076293945,43.75,94640000,43.75,43.76823806889852,43.749743869751,1,-1
2018-01-08,43.587501525878906,43.90250015258789,43.48249816894531,43.587501525878906,82271200,43.587501525878906,43.243908729553226,43.64841974108123,-1,1
2018-01-09,43.63750076293945,43.76499938964844,43.352500915527344,43.58250045776367,86336000,43.58250045776367,43.783282281239835,43.59589309507555,1,1
2018-01-10,43.290000915527344,43.57500076293945,43.25,43.5724983215332,95839600,43.5724983215332,43.74756555048625,43.573895427113435,1,1
2018-01-11,43.647499084472656,43.872501373291016,43.622501373291016,43.81999969482422,74670800,43.81999969482422,42.96775070190429,43.83889570554857,-1,1
2018-01-12,44.04499816894531,44.34000015258789,43.912498474121094,44.272499084472656,101672400,44.272499084472656,43.604559803009025,44.273778326135464,-1,1
2018-01-16,44.474998474121094,44.84749984741211,44.03499984741211,44.04750061035156,118263600,44.04750061035156,43.633596890767414,44.16396141471068,-1,1
2018-01-17,44.037498474121094,44.8125,43.76750183105469,44.775001525878906,137547200,44.775001525878906,43.633596890767414,44.716192440137,-1,-1
2018-01-18,44.842498779296875,45.025001525878906,44.5625,44.814998626708984,124773600,44.814998626708984,43.633596890767414,44.833876933464495,-1,1
2018-01-19,44.65250015258789,44.89500045776367,44.352500915527344,44.6150016784668,129700400,44.6150016784668,43.633596890767414,44.64291894046294,-1,1
2018-01-22,44.32500076293945,44.44499969482422,44.150001525878906,44.25,108434400,44.25,43.62434724171956,44.285885139598136,-1,1
2018-01-23,44.32500076293945,44.86000061035156,44.20500183105469,44.2599983215332,130756400,44.2599983215332,43.633596890767414,44.37196217037494,-1,1
2018-01-24,44.3125,44.32500076293945,43.29999923706055,43.55500030517578,204420400,43.55500030517578,43.68735482597351,43.597657617097916,1,1
2018-01-25,43.627498626708984,43.73749923706055,42.63249969482422,42.77750015258789,166116000,42.77750015258789,42.63550383249918,42.858925893475046,-1,1
2018-01-26,43.0,43.0,42.51499938964844,42.877498626708984,156572000,42.877498626708984,42.56190432953112,42.85479676241552,-1,-1
2018-01-29,42.540000915527344,42.540000915527344,41.76750183105469,41.9900016784668,202561600,41.9900016784668,42.68846338272095,42.020716826631386,1,1
2018-01-30,41.38249969482422,41.842498779296875,41.17499923706055,41.74250030517578,184192800,41.74250030517578,42.587073974609375,41.729479408119474,1,-1
2018-01-31,41.717498779296875,42.11000061035156,41.625,41.85749816894531,129915600,41.85749816894531,42.45340015411377,41.901448059558675,1,1
2018-02-01,41.79249954223633,42.154998779296875,41.689998626708984,41.94499969482422,188923200,41.94499969482422,42.614074897766116,41.98149445541619,1,1
2018-02-02,41.5,41.70000076293945,40.025001525878906,40.125,346375200,40.125,40.99064747649354,40.269530782088424,1,1
2018-02-05,39.775001525878906,40.970001220703125,39.0,39.122501373291016,290954000,39.122501373291016,39.50275053977966,39.37576948908074,1,1
2018-02-06,38.70750045776367,40.93000030517578,38.5,40.75749969482422,272975200,40.75749969482422,39.59942627361843,40.645852891637674,-1,-1
2018-02-07,40.772499084472656,40.849998474121094,39.76750183105469,39.8849983215332,206434400,39.8849983215332,40.0051247491446,39.967955219201485,1,1
2018-02-08,40.0724983215332,40.25,38.75749969482422,38.787498474121094,217562000,38.787498474121094,39.07756704616547,38.92847219142529,1,1
2018-02-09,39.26750183105469,39.47249984741211,37.560001373291016,39.102500915527344,282690400,39.102500915527344,38.14693464878627,38.92601135041424,-1,-1
2018-02-12,39.625,40.97249984741211,39.377498626708984,40.6775016784668,243278000,40.6775016784668,41.55580020904541,40.64528868291798,1,-1
2018-02-13,40.48749923706055,41.1875,40.412498474121094,41.084999084472656,130196800,41.084999084472656,40.77008798599243,41.07597611381177,-1,-1
2018-02-14,40.7599983215332,41.8849983215332,40.720001220703125,41.842498779296875,162579600,41.842498779296875,42.07889904022217,41.79831415369586,1,-1
2018-02-15,42.4474983215332,43.272499084472656,42.25,43.247501373291016,204588800,43.247501373291016,42.92179045995077,43.19575343352406,-1,-1
2018-02-16,43.09000015258789,43.70500183105469,42.942501068115234,43.10749816894531,160704400,43.10749816894531,43.23032473246257,43.20943420453345,1,1
2018-02-20,43.01250076293945,43.564998626708984,42.85499954223633,42.962501525878906,135722000,42.962501525878906,43.1995804049174,43.06722164262253,1,1
2018-02-21,43.20750045776367,43.529998779296875,42.752498626708984,42.76750183105469,149886400,42.76750183105469,42.957854874293005,42.87653449756219,1,1
2018-02-22,42.95000076293945,43.48749923706055,42.9275016784668,43.125,123967600,43.125,43.49710024515788,43.196718311596705,1,1
2018-02-23,43.41749954223633,43.912498474121094,43.3849983215332,43.875,135249600,43.875,43.842041157404566,43.87319695938071,-1,-1
2018-02-26,44.087501525878906,44.84749984741211,44.0525016784668,44.74250030517578,152648800,44.74250030517578,43.681455237070715,44.73928831736302,-1,-1
2018-02-27,44.775001525878906,45.119998931884766,44.540000915527344,44.59749984741211,155712400,44.59749984741211,43.681455237070715,44.6863989505803,-1,1
2018-02-28,44.814998626708984,45.154998779296875,44.51250076293945,44.529998779296875,151128400,44.529998779296875,43.681455237070715,44.63182281109564,-1,1
2018-03-01,44.6349983215332,44.94499969482422,43.165000915527344,43.75,195208000,43.75,43.695706905364986,43.796497761073205,-1,1
2018-03-02,43.20000076293945,44.07500076293945,43.11249923706055,44.0525016784668,153816000,44.0525016784668,43.77828818130492,44.01351463123212,-1,-1
2018-03-05,43.8025016784668,44.435001373291016,43.630001068115234,44.20500183105469,113605600,44.20500183105469,43.57582246144612,44.21527902182494,-1,1
2018-03-06,44.477500915527344,44.5625,44.032501220703125,44.16749954223633,95154000,44.16749954223633,43.67222646077473,44.20756527575919,-1,1
2018-03-07,43.73500061035156,43.962501525878906,43.567501068115234,43.75749969482422,126814000,43.75749969482422,43.6353089052836,43.790101246443314,-1,1
2018-03-08,43.869998931884766,44.279998779296875,43.76750183105469,44.23500061035156,95096400,44.23500061035156,43.67222646077473,44.22801660193574,-1,-1
2018-03-09,44.4900016784668,45.0,44.34749984741211,44.994998931884766,128740800,44.994998931884766,43.633596890767414,44.9670348396344,-1,-1
2018-03-12,45.0724983215332,45.59749984741211,45.0525016784668,45.43000030517578,128828400,45.43000030517578,43.633596890767414,45.45904792794599,-1,1
2018-03-13,45.647499084472656,45.875,44.810001373291016,44.99250030517578,126774000,44.99250030517578,43.633596890767414,45.07364647593977,-1,1
2018-03-14,45.08000183105469,45.130001068115234,44.45249938964844,44.61000061035156,117473600,44.61000061035156,43.63294686635335,44.65261048462629,-1,1
2018-03-15,44.625,45.060001373291016,44.51750183105469,44.662498474121094,90975200,44.662498474121094,43.65417654673258,44.73501392666948,-1,1
2018-03-16,44.662498474121094,44.779998779296875,44.404998779296875,44.505001068115234,157618800,44.505001068115234,43.681455237070715,44.547957656331846,-1,1
2018-03-19,44.33000183105469,44.36750030517578,43.415000915527344,43.82500076293945,133787200,43.82500076293945,43.64415237172444,43.8268132743224,-1,1
2018-03-20,43.810001373291016,44.20000076293945,43.73500061035156,43.810001373291016,78597600,43.810001373291016,43.38406872431437,43.888224373256605,-1,1
2018-03-21,43.7599983215332,43.772499084472656,42.814998626708984,42.817501068115234,148219600,42.817501068115234,42.60742167218527,42.911877929560134,-1,1
2018-03-22,42.5,43.16999816894531,42.150001525878906,42.212501525878906,165963200,42.212501525878906,42.73365119134812,42.360999097508184,1,1
2018-03-23,42.09749984741211,42.47999954223633,41.23500061035156,41.23500061035156,164115200,41.23500061035156,41.82957515716553,41.385178352995354,1,1
2018-03-26,42.01750183105469,43.275001525878906,41.61000061035156,43.192501068115234,150164800,43.192501068115234,42.767824516296386,43.08896434935472,-1,-1
2018-03-27,43.41999816894531,43.787498474121094,41.72999954223633,42.084999084472656,163690400,42.084999084472656,42.950377235412596,42.20764566115365,1,1
2018-03-28,41.8125,42.505001068115234,41.29750061035156,41.619998931884766,166674000,41.619998931884766,42.55442485809326,41.722883127118116,1,1
2018-03-29,41.95249938964844,42.9375,41.724998474121094,41.94499969482422,153594000,41.94499969482422,42.240472543311846,42.10001104641303,1,1
2018-04-02,41.65999984741211,42.23500061035156,41.11750030517578,41.66999816894531,150347200,41.66999816894531,42.40782459259033,41.70137360064724,1,1
2018-04-03,41.90999984741211,42.1875,41.220001220703125,42.09749984741211,121112000,42.09749984741211,42.462450370788574,42.0135462792492,1,-1
2018-04-04,41.220001220703125,43.002498626708984,41.192501068115234,42.90250015258789,138422000,42.90250015258789,42.406762415568025,42.82945877195911,-1,-1
2018-04-05,43.14500045776367,43.557498931884766,43.02000045776367,43.20000076293945,107732800,43.20000076293945,43.221750017801924,43.26165658484087,1,1
2018-04-06,42.74250030517578,43.119998931884766,42.04999923706055,42.095001220703125,140021200,42.095001220703125,42.664329589711635,42.22182752169971,1,1
2018-04-09,42.470001220703125,43.272499084472656,42.462501525878906,42.51250076293945,116070800,42.51250076293945,42.46750445048015,42.6606987336264,-1,1
2018-04-10,43.25,43.5,42.88249969482422,43.3125,113634400,43.3125,43.599144382476815,43.30615176175351,1,-1
2018-04-11,43.057498931884766,43.47999954223633,42.92499923706055,43.11000061035156,89726400,43.11000061035156,43.496575419108076,43.17200710667715,1,1
2018-04-12,43.352500915527344,43.75,43.2599983215332,43.53499984741211,91557200,43.53499984741211,43.81548551241558,43.56949292600089,1,1
2018-04-13,43.69499969482422,43.959999084472656,43.462501525878906,43.682498931884766,100497200,43.682498931884766,43.705083000183095,43.71787793088908,1,1
2018-04-16,43.75749969482422,44.04750061035156,43.70750045776367,43.95500183105469,86313600,43.95500183105469,43.59704558054605,43.97522045103696,-1,1
2018-04-17,44.122501373291016,44.73500061035156,44.102500915527344,44.560001373291016,106421600,44.560001373291016,43.613772252400715,44.58371240669382,-1,1
2018-04-18,44.45249938964844,44.70500183105469,44.220001220703125,44.459999084472656,83018000,44.459999084472656,43.410343672434486,44.488484779761464,-1,1
2018-04-19,43.439998626708984,43.84749984741211,43.165000915527344,43.20000076293945,139235200,43.20000076293945,43.40665478134155,43.30591937563631,1,1
2018-04-20,42.650001525878906,42.80500030517578,41.35749816894531,41.43000030517578,261964400,41.43000030517578,42.712058968861896,41.55873813360009,1,1
2018-04-23,41.70750045776367,41.72999954223633,41.022499084472656,41.310001373291016,146062000,41.310001373291016,41.72072486877441,41.32103134527164,1,1
2018-04-24,41.41749954223633,41.58250045776367,40.30500030517578,40.73500061035156,134768000,40.73500061035156,40.66592575073242,40.76524964923455,-1,1
2018-04-25,40.654998779296875,41.35499954223633,40.602500915527344,40.912498474121094,113528400,40.912498474121094,40.85027534484863,40.98549427807577,-1,1
2018-04-26,41.029998779296875,41.432498931884766,40.842498779296875,41.05500030517578,111852000,41.05500030517578,40.78272548675537,41.110754077027806,-1,1
2018-04-27,41.0,41.08250045776367,40.157501220703125,40.58000183105469,142623200,40.58000183105469,40.48272590637207,40.57993377687386,-1,-1
2018-04-30,40.532501220703125,41.814998626708984,40.459999084472656,41.314998626708984,169709600,41.314998626708984,41.5413247680664,41.36121861545486,1,1
2018-05-01,41.602500915527344,42.29999923706055,41.317501068115234,42.275001525878906,214277600,42.275001525878906,42.69954985300699,42.21729426748895,1,-1
2018-05-02,43.807498931884766,44.4375,43.45000076293945,44.14250183105469,266157600,44.14250183105469,43.70734314600626,44.14294641620633,-1,1
2018-05-03,43.970001220703125,44.375,43.61000061035156,44.22249984741211,136272800,44.22249984741211,43.585072110493975,44.20012374644597,-1,-1
2018-05-04,44.5625,46.0625,44.54249954223633,45.95750045776367,224805200,45.95750045776367,43.680567747751866,45.91030776298424,-1,-1
2018-05-07,46.29499816894531,46.91749954223633,46.1875,46.290000915527344,169805600,46.290000915527344,43.681455237070715,46.40694467447992,-1,1
2018-05-08,46.247501373291016,46.55500030517578,45.91749954223633,46.51250076293945,113611200,46.51250076293945,43.62434724171956,46.47644558474824,-1,-1
2018-05-09,46.63750076293945,46.849998474121094,46.30500030517578,46.84000015258789,92844800,46.84000015258789,43.67222646077473,46.80181320495514,-1,-1
2018-05-10,46.935001373291016,47.592498779296875,46.912498474121094,47.5099983215332,111957200,47.5099983215332,43.62434724171956,47.510554110438186,-1,1
2018-05-11,47.372501373291016,47.51499938964844,46.86249923706055,47.147499084472656,104848800,47.147499084472656,43.59333478927611,47.168615196343694,-1,1
2018-05-14,47.252498626708984,47.38249969482422,46.96500015258789,47.037498474121094,83115200,47.037498474121094,43.410343672434486,47.08980042861115,-1,1
2018-05-15,46.69499969482422,46.76750183105469,46.275001525878906,46.61000061035156,94780800,46.61000061035156,43.67222646077473,46.60109469117375,-1,-1
2018-05-16,46.51750183105469,47.1150016784668,46.5,47.04499816894531,76732400,47.04499816894531,43.40841862360636,47.04604153944405,-1,1
2018-05-17,47.0,47.227500915527344,46.59000015258789,46.747501373291016,69176000,46.747501373291016,43.42135572433472,46.80399204569284,-1,1
2018-05-18,46.79750061035156,46.95249938964844,46.532501220703125,46.57749938964844,73190800,46.57749938964844,43.408605861663816,46.63819507894652,-1,1
2018-05-21,47.0,47.317501068115234,46.727500915527344,46.907501220703125,73603200,46.907501220703125,43.408605861663816,46.964416806667806,-1,1
2018-05-22,47.095001220703125,47.220001220703125,46.69499969482422,46.790000915527344,60962800,46.790000915527344,43.42135572433472,46.843113084186555,-1,1
2018-05-23,46.587501525878906,47.125,46.439998626708984,47.09000015258789,80233600,47.09000015258789,43.410343672434486,47.06581779228478,-1,-1
2018-05-24,47.192501068115234,47.209999084472656,46.5525016784668,47.037498474121094,92936000,47.037498474121094,43.67222646077473,46.99996027654844,-1,-1
2018-05-25,47.057498931884766,47.412498474121094,46.912498474121094,47.14500045776367,69844000,47.14500045776367,43.408605861663816,47.18713782885993,-1,1
2018-05-29,46.900001525878906,47.1875,46.717498779296875,46.974998474121094,90056400,46.974998474121094,43.65200152079264,47.003339772021036,-1,1
2018-05-30,46.93000030517578,47.0,46.69499969482422,46.875,74762000,46.875,43.408605861663816,46.8884136280466,-1,1
2018-05-31,46.80500030517578,47.057498931884766,46.53499984741211,46.717498779296875,109931200,46.717498779296875,43.62434724171956,46.764039872703314,-1,1
2018-06-01,46.997501373291016,47.564998626708984,46.9375,47.560001373291016,93770000,47.560001373291016,43.67222646077473,47.541853167027554,-1,-1
2018-06-04,47.90999984741211,48.35499954223633,47.837501525878906,47.95750045776367,105064800,47.95750045776367,43.59333478927611,48.037297826517786,-1,1
2018-06-05,48.26750183105469,48.48500061035156,48.09000015258789,48.32749938964844,86264000,48.32749938964844,43.59686421076456,48.34915489671909,-1,1
2018-06-06,48.407501220703125,48.52000045776367,47.97999954223633,48.494998931884766,83734400,48.494998931884766,43.59686421076456,48.45203215643237,-1,-1
2018-06-07,48.53499984741211,48.54999923706055,48.084999084472656,48.3650016784668,85388800,48.3650016784668,43.59686421076456,48.362043470847965,-1,-1
2018-06-08,47.79249954223633,48.0,47.442501068115234,47.92499923706055,106627200,47.92499923706055,43.613772252400715,47.900433829293505,-1,-1
2018-06-11,47.837501525878906,47.99250030517578,47.5525016784668,47.807498931884766,73234000,47.807498931884766,43.408605861663816,47.82143578665756,-1,1
2018-06-12,47.84749984741211,48.15250015258789,47.787498474121094,48.06999969482422,67644400,48.06999969482422,43.42135572433472,48.08681235070034,-1,1
2018-06-13,48.10499954223633,48.220001220703125,47.61000061035156,47.67499923706055,86553600,47.67499923706055,43.59686421076456,47.74130995483378,-1,1
2018-06-14,47.88750076293945,47.89250183105469,47.55500030517578,47.70000076293945,86440400,47.70000076293945,43.59686421076456,47.718344673853096,-1,1
2018-06-15,47.50749969482422,47.540000915527344,47.064998626708984,47.209999084472656,246876800,47.209999084472656,43.680567747751866,47.245647769003234,-1,1
2018-06-18,46.970001220703125,47.30500030517578,46.79999923706055,47.185001373291016,73939600,47.185001373291016,43.408605861663816,47.19027986285333,-1,1
2018-06-19,46.28499984741211,46.58250045776367,45.86249923706055,46.42250061035156,134314000,46.42250061035156,43.633596890767414,46.39994856866614,-1,-1
2018-06-20,46.587501525878906,46.79999923706055,46.432498931884766,46.625,82514800,46.625,43.410343672434486,46.65370089309211,-1,1
2018-06-21,46.8125,47.087501525878906,46.23500061035156,46.3650016784668,102847600,46.3650016784668,43.604559803009025,46.44821420837557,-1,1
2018-06-22,46.529998779296875,46.537498474121094,46.17499923706055,46.22999954223633,108801600,46.22999954223633,43.62434724171956,46.27119369495431,-1,1
2018-06-25,45.849998474121094,46.22999954223633,45.182498931884766,45.54249954223633,126652400,45.54249954223633,43.633596890767414,45.596210196098625,-1,1
2018-06-26,45.747501373291016,46.63249969482422,45.6349983215332,46.10749816894531,98276800,46.10749816894531,43.69115174611408,46.17971868696387,-1,1
2018-06-27,46.307498931884766,46.81999969482422,46.00749969482422,46.040000915527344,101141200,46.040000915527344,43.59922232945759,46.16580998391456,-1,1
2018-06-28,46.025001525878906,46.5525016784668,45.95000076293945,46.375,69460800,46.375,43.42135572433472,46.39570254345271,-1,1
2018-06-29,46.5724983215332,46.79750061035156,45.727500915527344,46.27750015258789,90950800,46.27750015258789,43.65417654673258,46.27283171953809,-1,-1
2018-07-02,45.95500183105469,46.82500076293945,45.85499954223633,46.79499816894531,70925200,46.79499816894531,43.408605861663816,46.75469398828014,-1,-1
2018-07-03,46.9474983215332,46.98749923706055,45.8849983215332,45.97999954223633,55819200,45.97999954223633,43.49315542221069,46.064075960564885,-1,1
2018-07-05,46.314998626708984,46.602500915527344,46.06999969482422,46.349998474121094,66416800,46.349998474121094,43.42135572433472,46.376283276553934,-1,1
2018-07-06,46.35499954223633,47.10749816894531,46.29999923706055,46.99250030517578,69940800,46.99250030517578,43.408605861663816,46.98723630534311,-1,-1
2018-07-09,47.375,47.66999816894531,47.32500076293945,47.64500045776367,79026400,47.64500045776367,43.40841862360636,47.65091696381377,-1,1
2018-07-10,47.6775016784668,47.81999969482422,47.54499816894531,47.587501525878906,63756400,47.587501525878906,43.42135572433472,47.63780067312673,-1,1
2018-07-11,47.125,47.44499969482422,46.90250015258789,46.970001220703125,75326000,46.970001220703125,43.395918623606356,47.050116654980826,-1,1
2018-07-12,47.38249969482422,47.852500915527344,47.32749938964844,47.75749969482422,72164400,47.75749969482422,43.408605861663816,47.766978464226426,-1,1
2018-07-13,47.77000045776367,47.959999084472656,47.724998474121094,47.83250045776367,50055600,47.83250045776367,43.49315542221069,47.86919404022502,-1,1
2018-07-16,47.880001068115234,48.162498474121094,47.60499954223633,47.727500915527344,60172400,47.727500915527344,43.49315542221069,47.79213898027331,-1,1
2018-07-17,47.4375,47.967498779296875,47.29999923706055,47.86249923706055,62138000,47.86249923706055,43.42135572433472,47.85651525170741,-1,-1
2018-07-18,47.94499969482422,47.95000076293945,47.48249816894531,47.599998474121094,65573600,47.599998474121094,43.42135572433472,47.63292504531185,-1,1
2018-07-19,47.42250061035156,48.13750076293945,47.42250061035156,47.970001220703125,81147200,47.970001220703125,43.410343672434486,47.98933616631321,-1,1
2018-07-20,47.94499969482422,48.10749816894531,47.54249954223633,47.86000061035156,82704800,47.86000061035156,43.410343672434486,47.869097588329794,-1,1
2018-07-23,47.66999816894531,47.9900016784668,47.38999938964844,47.90250015258789,63957600,47.90250015258789,43.42135572433472,47.883293785670574,-1,-1
2018-07-24,48.11249923706055,48.415000915527344,48.01250076293945,48.25,74791600,48.25,43.408605861663816,48.279948227277984,-1,1
2018-07-25,48.26499938964844,48.712501525878906,48.10749816894531,48.70500183105469,66839600,48.70500183105469,43.42135572433472,48.67922362954326,-1,-1
2018-07-26,48.65250015258789,48.9900016784668,48.40250015258789,48.5525016784668,76304000,48.5525016784668,43.40841862360636,48.61911277707421,-1,1
2018-07-27,48.747501373291016,48.79750061035156,47.525001525878906,47.744998931884766,96096000,47.744998931884766,43.69487672170002,47.81501175447313,-1,1
2018-07-30,47.974998474121094,48.04999923706055,47.26750183105469,47.477500915527344,84118000,47.477500915527344,43.59686421076456,47.51795292802263,-1,1
2018-07-31,47.57500076293945,48.03499984741211,47.334999084472656,47.5724983215332,157492000,47.5724983215332,43.681455237070715,47.64058607443917,-1,1
2018-08-01,49.782501220703125,50.439998626708984,49.32749938964844,50.375,271742800,50.375,43.680567747751866,50.30773120044871,-1,-1
2018-08-02,50.14500045776367,52.095001220703125,50.087501525878906,51.84749984741211,249616000,51.84749984741211,43.680567747751866,51.801144447380274,-1,-1
2018-08-03,51.75749969482422,52.185001373291016,51.369998931884766,51.997501373291016,133789600,51.997501373291016,43.633596890767414,51.98130763616018,-1,-1
2018-08-06,52.0,52.3125,51.76750183105469,52.26750183105469,101701600,52.26750183105469,43.604559803009025,52.250288932448285,-1,-1
2018-08-07,52.33000183105469,52.375,51.689998626708984,51.77750015258789,102349600,51.77750015258789,43.604559803009025,51.83970781727051,-1,1
2018-08-08,51.51250076293945,51.95249938964844,51.130001068115234,51.8125,90102000,51.8125,43.65200152079264,51.78367112924288,-1,-1
2018-08-09,52.38249969482422,52.44499969482422,51.79999923706055,52.220001220703125,93970400,52.220001220703125,43.67222646077473,52.20384005945952,-1,-1
2018-08-10,51.84000015258789,52.275001525878906,51.66749954223633,51.88249969482422,98444800,51.88249969482422,43.69115174611408,51.947321328112224,-1,1
2018-08-13,52.32749938964844,52.73749923706055,51.92499923706055,52.217498779296875,103563600,52.217498779296875,43.604559803009025,52.27637125818197,-1,1
2018-08-14,52.540000915527344,52.63999938964844,52.064998626708984,52.4375,82992000,52.4375,43.410343672434486,52.430917731240214,-1,-1
2018-08-15,52.30500030517578,52.685001373291016,52.08250045776367,52.560001373291016,115230400,52.560001373291016,43.63294686635335,52.55910761260316,-1,-1
2018-08-16,52.9375,53.45249938964844,52.86750030517578,53.33000183105469,114001600,53.33000183105469,43.63294686635335,53.34478869104959,-1,1
2018-08-17,53.36000061035156,54.48749923706055,53.290000915527344,54.39500045776367,141708000,54.39500045776367,43.64728023529053,54.36333089916924,-1,-1
2018-08-20,54.525001525878906,54.79499816894531,53.77750015258789,53.8650016784668,121150800,53.8650016784668,43.633596890767414,53.97358016094396,-1,1
2018-08-21,54.20000076293945,54.29750061035156,53.50749969482422,53.7599983215332,104639200,53.7599983215332,43.59333478927611,53.797302600578064,-1,1
2018-08-22,53.525001525878906,54.09000015258789,53.459999084472656,53.76250076293945,76072400,53.76250076293945,43.40841862360636,53.82133329363259,-1,1
2018-08-23,53.662498474121094,54.26250076293945,53.650001525878906,53.872501373291016,75532800,53.872501373291016,43.40841862360636,53.95213601557898,-1,1
2018-08-24,54.150001525878906,54.224998474121094,53.77750015258789,54.040000915527344,73905600,54.040000915527344,43.408605861663816,54.048325548941826,-1,1
2018-08-27,54.287498474121094,54.685001373291016,54.08250045776367,54.48500061035156,82100400,54.48500061035156,43.410343672434486,54.5031232027367,-1,1
2018-08-28,54.752498626708984,55.1349983215332,54.72999954223633,54.92499923706055,91107200,54.92499923706055,43.65417654673258,54.976821388117074,-1,1
2018-08-29,55.037498474121094,55.872501373291016,54.852500915527344,55.744998931884766,109019200,55.744998931884766,43.62434724171956,55.721849117341755,-1,-1
2018-08-30,55.8125,57.064998626708984,55.599998474121094,56.25749969482422,195175200,56.25749969482422,43.680567747751866,56.363099860105336,-1,1
2018-08-31,56.627498626708984,57.217498779296875,56.5,56.907501220703125,173360400,56.907501220703125,43.681455237070715,56.955349688947486,-1,1
2018-09-04,57.102500915527344,57.29499816894531,56.657501220703125,57.09000015258789,109560400,57.09000015258789,43.62434724171956,57.08608814020513,-1,-1
2018-09-05,57.247501373291016,57.41749954223633,56.275001525878906,56.717498779296875,133332000,56.717498779296875,43.633596890767414,56.74448170150016,-1,1
2018-09-06,56.557498931884766,56.837501525878906,55.32500076293945,55.775001525878906,137160000,55.775001525878906,43.633596890767414,55.83597373620024,-1,1
2018-09-07,55.462501525878906,56.342498779296875,55.1775016784668,55.32500076293945,150479200,55.32500076293945,43.681455237070715,55.490460425020416,-1,1
2018-09-10,55.23749923706055,55.462501525878906,54.11750030517578,54.58250045776367,158066000,54.58250045776367,43.681455237070715,54.62321565634113,-1,1
2018-09-11,54.502498626708984,56.07500076293945,54.13999938964844,55.962501525878906,142996000,55.962501525878906,43.64728023529053,55.85875938262605,-1,-1
2018-09-12,56.23500061035156,56.25,54.959999084472656,55.26750183105469,197114800,55.26750183105469,43.680567747751866,55.322436743478356,-1,1
2018-09-13,55.880001068115234,57.087501525878906,55.64250183105469,56.602500915527344,166825600,56.602500915527344,43.681455237070715,56.63131780182964,-1,1
2018-09-14,56.4375,56.709999084472656,55.630001068115234,55.959999084472656,127997200,55.959999084472656,43.633596890767414,56.018127734503075,-1,1
2018-09-17,55.537498474121094,55.73749923706055,54.317501068115234,54.470001220703125,148780400,54.470001220703125,43.64728023529053,54.58570114948651,-1,1
2018-09-18,54.4474983215332,55.462501525878906,54.279998779296875,54.560001373291016,126286800,54.560001373291016,43.633596890767414,54.70768684158564,-1,1
2018-09-19,54.625,54.904998779296875,53.82500076293945,54.592498779296875,108495200,54.592498779296875,43.62434724171956,54.548311977154086,-1,-1
2018-09-20,55.060001373291016,55.56999969482422,54.787498474121094,55.00749969482422,106435200,55.00749969482422,43.613772252400715,55.09238624640659,-1,1
2018-09-21,55.19499969482422,55.34000015258789,54.3224983215332,54.415000915527344,384986800,54.415000915527344,43.680567747751866,54.51958892210871,-1,1
2018-09-24,54.20500183105469,55.314998626708984,54.157501220703125,55.1974983215332,110773600,55.1974983215332,43.62434724171956,55.175864949221946,-1,-1
2018-09-25,54.9375,55.70500183105469,54.92499923706055,55.54750061035156,98217600,55.54750061035156,43.69115174611408,55.56356502150455,-1,1
2018-09-26,55.25,55.9375,54.939998626708984,55.10499954223633,95938800,55.10499954223633,43.69487672170002,55.23430581046688,-1,1
2018-09-27,55.95500183105469,56.61000061035156,55.8849983215332,56.23749923706055,120724800,56.23749923706055,43.633596890767414,56.30277750148079,-1,1
2018-09-28,56.1974983215332,56.459999084472656,56.005001068115234,56.435001373291016,91717600,56.435001373291016,43.66410151163736,56.4249050694509,-1,-1
2018-10-01,56.98749923706055,57.35499954223633,56.587501525878906,56.814998626708984,94403200,56.814998626708984,43.67222646077473,56.88390659947919,-1,1
2018-10-02,56.8125,57.5,56.657501220703125,57.31999969482422,99152800,57.31999969482422,43.60855569203694,57.32432647631019,-1,1
2018-10-03,57.51250076293945,58.36750030517578,57.44499969482422,58.01750183105469,114619200,58.01750183105469,43.63294686635335,58.065315274107725,-1,1
2018-10-04,57.69499969482422,58.087501525878906,56.682498931884766,56.997501373291016,128168000,56.997501373291016,43.633596890767414,57.093642118755014,-1,1
2018-10-05,56.9900016784668,57.102500915527344,55.14500045776367,56.0724983215332,134322000,56.0724983215332,43.633596890767414,56.03706706053605,-1,-1
2018-10-08,55.5525016784668,56.20000076293945,55.04999923706055,55.942501068115234,118655600,55.942501068115234,43.633596890767414,55.91063395794211,-1,-1
2018-10-09,55.90999984741211,56.817501068115234,55.5625,56.717498779296875,107564000,56.717498779296875,43.613772252400715,56.65701129472731,-1,-1
2018-10-10,56.3650016784668,56.587501525878906,54.01250076293945,54.09000015258789,167962400,54.09000015258789,43.681455237070715,54.30529793390093,-1,1
2018-10-11,53.630001068115234,54.875,53.08000183105469,53.61249923706055,212497600,53.61249923706055,43.680567747751866,53.76832844474475,-1,1
2018-10-12,55.10499954223633,55.720001220703125,54.209999084472656,55.52750015258789,161351600,55.52750015258789,43.681455237070715,55.419771581835086,-1,-1
2018-10-15,55.290000915527344,55.45750045776367,54.317501068115234,54.34000015258789,123164000,54.34000015258789,43.633596890767414,54.46254455177166,-1,1
2018-10-16,54.73249816894531,55.747501373291016,54.189998626708984,55.537498474121094,116736000,55.537498474121094,43.63294686635335,55.463181189320345,-1,-1
2018-10-17,55.57500076293945,55.65999984741211,54.834999084472656,55.29750061035156,91541600,55.29750061035156,43.66410151163736,55.287589405725114,-1,-1
2018-10-18,54.46500015258789,54.935001373291016,53.25,54.005001068115234,130325200,54.005001068115234,43.633596890767414,54.0241588246697,-1,1
2018-10-19,54.51499938964844,55.314998626708984,54.35749816894531,54.82749938964844,132314800,54.82749938964844,43.633596890767414,54.89513218729737,-1,1
2018-10-22,54.9474983215332,55.84000015258789,54.73500061035156,55.162498474121094,115168400,55.162498474121094,43.63294686635335,55.25869303233491,-1,1
2018-10-23,53.95750045776367,55.8125,53.67499923706055,55.682498931884766,155071200,55.682498931884766,43.681455237070715,55.577254405155486,-1,-1
2018-10-24,55.650001525878906,56.057498931884766,53.6349983215332,53.772499084472656,163702000,53.772499084472656,43.681455237070715,53.98089913642075,-1,1
2018-10-25,54.4275016784668,55.345001220703125,54.1875,54.95000076293945,119423200,54.95000076293945,43.633596890767414,54.97441986337222,-1,1
2018-10-26,53.974998474121094,55.04750061035156,53.16749954223633,54.07500076293945,189033600,54.07500076293945,43.680567747751866,54.13235159801335,-1,1
2018-10-29,54.79750061035156,54.92250061035156,51.522499084472656,53.060001373291016,183742000,53.060001373291016,43.680567747751866,52.98347197609504,-1,-1
2018-10-30,52.787498474121094,53.79499816894531,52.317501068115234,53.32500076293945,146640000,53.32500076293945,43.64728023529053,53.32328285536905,-1,-1
2018-10-31,54.220001220703125,55.11249923706055,54.154998779296875,54.71500015258789,153435600,54.71500015258789,43.681455237070715,54.7713082949645,-1,1
2018-11-01,54.76250076293945,55.59000015258789,54.20249938964844,55.55500030517578,233292800,55.55500030517578,43.680567747751866,55.453671456604326,-1,-1
2018-11-02,52.38750076293945,53.412498474121094,51.35749816894531,51.869998931884766,365314800,51.869998931884766,43.680567747751866,52.031397301377865,-1,1
2018-11-05,51.07500076293945,51.09749984741211,49.54249954223633,50.397499084472656,264654800,50.397499084472656,43.680567747751866,50.343901573842196,-1,-1
2018-11-06,50.47999954223633,51.18000030517578,50.42250061035156,50.942501068115234,127531600,50.942501068115234,43.633596890767414,50.97285867544189,-1,1
2018-11-07,51.49250030517578,52.51499938964844,51.032501220703125,52.48749923706055,133697600,52.48749923706055,43.633596890767414,52.38271567401843,-1,-1
2018-11-08,52.494998931884766,52.529998779296875,51.6875,52.122501373291016,101450400,52.122501373291016,43.59922232945759,52.11400481627959,-1,-1
2018-11-09,51.38750076293945,51.502498626708984,50.5625,51.11750030517578,137463200,51.11750030517578,43.633596890767414,51.09624771629147,-1,-1
2018-11-12,49.75,49.962501525878906,48.4474983215332,48.54249954223633,204542000,48.54249954223633,43.680567747751866,48.67804697379346,-1,1
2018-11-13,47.907501220703125,49.29499816894531,47.86249923706055,48.057498931884766,187531600,48.057498931884766,43.680567747751866,48.27673212693821,-1,1
2018-11-14,48.474998474121094,48.619998931884766,46.48249816894531,46.70000076293945,243204000,46.70000076293945,43.680567747751866,46.84377459583017,-1,1
2018-11-15,47.09749984741211,47.99250030517578,46.724998474121094,47.852500915527344,185915200,47.852500915527344,43.680567747751866,47.79599708330946,-1,-1
2018-11-16,47.625,48.74250030517578,47.3650016784668,48.38249969482422,147713200,48.38249969482422,43.64728023529053,48.37959820379373,-1,-1
2018-11-19,47.5,47.67499923706055,46.247501373291016,46.46500015258789,167701200,46.46500015258789,43.681455237070715,46.56008404603828,-1,1
2018-11-20,44.592498779296875,45.36750030517578,43.877498626708984,44.244998931884766,271300800,44.244998931884766,43.680567747751866,44.369793469529434,-1,1
2018-11-21,44.932498931884766,45.067501068115234,44.13750076293945,44.19499969482422,124496800,44.19499969482422,43.633596890767414,44.28645932523351,-1,1
2018-11-23,43.73500061035156,44.150001525878906,43.025001525878906,43.0724983215332,94496000,43.0724983215332,42.80038681030273,43.20513004098068,-1,1
2018-11-26,43.560001373291016,43.73749923706055,42.564998626708984,43.654998779296875,179994000,43.654998779296875,43.369195502599084,43.528961847083885,-1,-1
2018-11-27,42.877498626708984,43.692501068115234,42.720001220703125,43.560001373291016,165549600,43.560001373291016,43.6900999546051,43.53928150443997,1,-1
2018-11-28,44.182498931884766,45.3224983215332,43.73249816894531,45.23500061035156,184250000,45.23500061035156,43.680567747751866,45.13578377599174,-1,-1
2018-11-29,45.665000915527344,45.70000076293945,44.42499923706055,44.88750076293945,167080000,44.88750076293945,43.681455237070715,44.900780176173605,-1,1
2018-11-30,45.0724983215332,45.08250045776367,44.25749969482422,44.64500045776367,158126000,44.64500045776367,43.681455237070715,44.641865888105315,-1,-1
2018-12-03,46.1150016784668,46.23500061035156,45.3025016784668,46.20500183105469,163210000,46.20500183105469,43.681455237070715,46.10123555885964,-1,-1
2018-12-04,45.23749923706055,45.59749984741211,44.067501068115234,44.17250061035156,165377200,44.17250061035156,43.681455237070715,44.31734510261454,-1,1
2018-12-06,42.939998626708984,43.69499969482422,42.60499954223633,43.68000030517578,172393600,43.68000030517578,43.453043451309206,43.60727541841006,-1,-1
2018-12-07,43.372501373291016,43.622501373291016,42.07500076293945,42.122501373291016,169126400,42.122501373291016,43.07722913742065,42.27032773572278,1,1
2018-12-10,41.25,42.522499084472656,40.83250045776367,42.400001525878906,248104000,42.400001525878906,42.07478392828077,42.306018977510455,-1,-1
2018-12-11,42.915000915527344,42.9474983215332,41.75,42.157501220703125,189126800,42.157501220703125,42.67761170033046,42.17727529617078,1,1
2018-12-12,42.599998474121094,42.97999954223633,42.255001068115234,42.275001525878906,142510800,42.275001525878906,42.80485020815036,42.384296411874125,1,1
2018-12-13,42.622501373291016,43.14250183105469,42.38750076293945,42.73749923706055,127594400,42.73749923706055,42.653874387972294,42.785443470864266,-1,1
2018-12-14,42.25,42.27000045776367,41.31999969482422,41.369998931884766,162814800,41.369998931884766,42.39089977264404,41.45327254116822,1,1
2018-12-17,41.36249923706055,42.087501525878906,40.682498931884766,40.98500061035156,177151600,40.98500061035156,41.53804981231689,41.10928921795128,1,1
2018-12-18,41.345001220703125,41.88249969482422,41.09749984741211,41.51750183105469,135366000,41.51750183105469,42.29068689346313,41.55255114154174,1,1
2018-12-19,41.5,41.86249923706055,39.772499084472656,40.22249984741211,196189200,40.22249984741211,41.05673130452183,40.324940313739184,1,1
2018-12-20,40.099998474121094,40.52750015258789,38.82500076293945,39.20750045776367,259092000,39.20750045776367,39.294322844823206,39.30680357519418,1,1
2018-12-21,39.21500015258789,39.540000915527344,37.407501220703125,37.682498931884766,382978400,37.682498931884766,37.90389977137247,37.82988983238576,1,1
2018-12-24,37.037498474121094,37.88750076293945,36.647499084472656,36.70750045776367,148676800,36.70750045776367,37.490524546305345,36.885595022396316,1,1
2018-12-26,37.07500076293945,39.307498931884766,36.68000030517578,39.29249954223633,234330000,39.29249954223633,38.30146329289391,39.11084888026985,-1,-1
2018-12-27,38.959999084472656,39.192501068115234,37.51750183105469,39.037498474121094,212468400,39.037498474121094,38.258983046213785,38.85011909520636,-1,-1
2018-12-28,39.375,39.630001068115234,38.63750076293945,39.057498931884766,169165600,39.057498931884766,38.82082816332862,39.07940523094271,-1,1
2018-12-31,39.63249969482422,39.84000015258789,39.119998931884766,39.435001373291016,140014000,39.435001373291016,39.728745553604384,39.45716085252116,1,1
2019-01-02,38.72249984741211,39.712501525878906,38.557498931884766,39.47999954223633,148158800,39.47999954223633,39.12902037060546,39.46681591704605,-1,-1
2019-01-03,35.994998931884766,36.43000030517578,35.5,35.54750061035156,365248800,35.54750061035156,36.486682484944666,35.67380927520405,1,1
2019-01-04,36.13249969482422,37.13750076293945,35.95000076293945,37.064998626708984,234428400,37.064998626708984,37.0026023457845,37.01241619289407,-1,-1
2019-01-07,37.17499923706055,37.20750045776367,36.474998474121094,36.98249816894531,219111200,36.98249816894531,37.705824279785155,36.94527543631541,1,-1
2019-01-08,37.38999938964844,37.95500183105469,37.130001068115234,37.6875,164101200,37.6875,38.21967159334818,37.69494996434445,1,1
2019-01-09,37.8224983215332,38.63249969482422,37.407501220703125,38.32749938964844,180396400,38.32749938964844,38.36538896462681,38.302820512308045,1,-1
2019-01-10,38.125,38.49250030517578,37.71500015258789,38.45000076293945,143122800,38.45000076293945,38.56643938387716,38.39356444600545,1,-1
2019-01-11,38.220001220703125,38.42499923706055,37.877498626708984,38.0724983215332,108092800,38.0724983215332,38.36750969157003,38.10860994630235,1,1
2019-01-14,37.712501525878906,37.817501068115234,37.30500030517578,37.5,129756800,37.5,38.16727440897623,37.524476905714934,1,1
2019-01-15,37.567501068115234,38.34749984741211,37.51250076293945,38.26750183105469,114843600,38.26750183105469,38.32110408553017,38.24914651614034,1,-1
2019-01-16,38.27000045776367,38.970001220703125,38.25,38.73500061035156,122278800,38.73500061035156,38.60520025659246,38.76423548590375,-1,1
2019-01-17,38.54999923706055,39.415000915527344,38.314998626708984,38.96500015258789,119284800,38.96500015258789,38.834145043365005,38.99802119472202,-1,1
2019-01-18,39.375,39.470001220703125,38.994998931884766,39.20500183105469,135004000,39.20500183105469,39.161042775503645,39.22352974725776,-1,1
2019-01-22,39.102500915527344,39.182498931884766,38.154998779296875,38.32500076293945,121576000,38.32500076293945,38.64090352431706,38.3885043768838,1,1
2019-01-23,38.537498474121094,38.78499984741211,37.92499923706055,38.47999954223633,92522400,38.47999954223633,38.50020271385338,38.457782778762024,1,-1
2019-01-24,38.52750015258789,38.619998931884766,37.935001373291016,38.17499923706055,101766000,38.17499923706055,38.406338963116674,38.19910497992615,1,1
2019-01-25,38.869998931884766,39.532501220703125,38.58000183105469,39.439998626708984,134142000,39.439998626708984,38.77819547473505,39.39527568565979,-1,-1
2019-01-28,38.9474983215332,39.08250045776367,38.415000915527344,39.07500076293945,104768400,39.07500076293945,38.329904687118535,39.00500008427732,-1,-1
2019-01-29,39.0625,39.532501220703125,38.52750015258789,38.66999816894531,166348800,38.66999816894531,38.63346794001261,38.7776961673613,-1,1
2019-01-30,40.8125,41.537498474121094,40.057498931884766,41.3125,244439200,41.3125,40.885262966156006,41.22310139879848,-1,-1
2019-01-31,41.52750015258789,42.25,41.13999938964844,41.61000061035156,162958400,41.61000061035156,42.92207462310791,41.67466280296332,1,1
2019-02-01,41.7400016784668,42.244998931884766,41.48249816894531,41.630001068115234,130672400,41.630001068115234,42.40915004730225,41.72357737450202,1,1
2019-02-04,41.852500915527344,42.915000915527344,41.81999969482422,42.8125,125982000,42.8125,42.261080741841035,42.78693967022949,-1,-1
2019-02-05,43.21500015258789,43.77000045776367,43.087501525878906,43.54499816894531,144406400,43.54499816894531,43.74548602867127,43.56735075497396,1,1
2019-02-06,43.662498474121094,43.89250183105469,43.212501525878906,43.560001373291016,112958400,43.560001373291016,43.81291225306193,43.57530460307742,1,1
2019-02-07,43.099998474121094,43.48500061035156,42.584999084472656,42.73500061035156,126966800,42.73500061035156,42.84443348503113,42.82634433448479,1,1
2019-02-08,42.247501373291016,42.665000915527344,42.10499954223633,42.602500915527344,95280000,42.602500915527344,42.41200096825603,42.59167969874574,-1,-1
2019-02-11,42.76250076293945,42.8025016784668,42.3125,42.35749816894531,83973600,42.35749816894531,42.8403520449271,42.410033932765145,1,1
2019-02-12,42.525001525878906,42.75,42.42499923706055,42.72249984741211,89134000,42.72249984741211,42.71092756585125,42.723232805085665,-1,1
2019-02-13,42.84749984741211,43.119998931884766,42.47999954223633,42.54499816894531,89960800,42.54499816894531,42.51069879300669,42.6259668562824,-1,1
2019-02-14,42.4275016784668,42.814998626708984,42.345001220703125,42.70000076293945,87342800,42.70000076293945,42.527789622855906,42.712976207545964,-1,1
2019-02-15,42.8125,42.92499923706055,42.4375,42.60499954223633,98507200,42.60499954223633,42.479383030168954,42.636524061573276,-1,1
2019-02-19,42.4275016784668,42.86000061035156,42.372501373291016,42.73249816894531,75891200,42.73249816894531,42.51664460332466,42.749491576001574,-1,1
2019-02-20,42.79750061035156,43.33000183105469,42.747501373291016,43.00749969482422,104457600,43.00749969482422,42.90906806500753,43.065039871733305,-1,1
2019-02-21,42.95000076293945,43.092498779296875,42.57500076293945,42.76499938964844,68998800,42.76499938964844,42.53472224067921,42.795343258927254,-1,1
2019-02-22,42.89500045776367,43.25,42.845001220703125,43.24250030517578,75652800,43.24250030517578,43.20356278101603,43.23787921430887,-1,-1
2019-02-25,43.540000915527344,43.967498779296875,43.48749923706055,43.557498931884766,87493600,43.557498931884766,43.78602188618977,43.6417045195694,1,1
2019-02-26,43.4275016784668,43.82500076293945,43.29249954223633,43.58250045776367,68280800,43.58250045776367,43.09003765106201,43.61567170345394,-1,1
2019-02-27,43.3025016784668,43.75,43.182498931884766,43.717498779296875,111341600,43.717498779296875,43.816211644490565,43.70251545246218,1,-1
2019-02-28,43.58000183105469,43.727500915527344,43.22999954223633,43.287498474121094,112861600,43.287498474121094,43.56029802322388,43.3494987128806,1,1
2019-03-01,43.56999969482422,43.787498474121094,43.22249984741211,43.74250030517578,103544800,43.74250030517578,43.80269283103944,43.70837380775011,1,-1
2019-03-04,43.92250061035156,44.4375,43.49250030517578,43.962501525878906,109744800,43.962501525878906,43.64140268071492,43.99521362356013,-1,1
2019-03-05,43.98500061035156,44.0,43.6349983215332,43.88249969482422,78949600,43.88249969482422,43.284919211069735,43.87760266364364,-1,-1
2019-03-06,43.66749954223633,43.872501373291016,43.48500061035156,43.630001068115234,83241600,43.630001068115234,43.24505897521973,43.6688237625055,-1,1
2019-03-07,43.467498779296875,43.61000061035156,43.005001068115234,43.125,99185600,43.125,43.20997482299805,43.17885008089425,1,1
2019-03-08,42.58000183105469,43.26750183105469,42.375,43.227500915527344,95997600,43.227500915527344,42.949937924702965,43.18352199193498,-1,-1
2019-03-11,43.872501373291016,44.779998779296875,43.837501525878906,44.724998474121094,128044000,44.724998474121094,43.633596890767414,44.6994542442327,-1,-1
2019-03-12,45.0,45.66749954223633,44.842498779296875,45.227500915527344,129870400,45.227500915527344,43.633596890767414,45.28777521749093,-1,1
2019-03-13,45.5625,45.82500076293945,45.22999954223633,45.4275016784668,124130000,45.4275016784668,43.633596890767414,45.47631133789612,-1,1
2019-03-14,45.974998474121094,46.025001525878906,45.63999938964844,45.932498931884766,94318000,45.932498931884766,43.67222646077473,45.92351533824147,-1,-1
2019-03-15,46.212501525878906,46.83250045776367,45.935001373291016,46.529998779296875,156171600,46.529998779296875,43.681455237070715,46.54347403608151,-1,1
2019-03-18,46.45000076293945,47.09749984741211,46.4474983215332,47.005001068115234,104879200,47.005001068115234,43.59333478927611,47.011309881737304,-1,1
2019-03-19,47.087501525878906,47.247501373291016,46.47999954223633,46.63249969482422,126585600,46.63249969482422,43.633596890767414,46.69447496135098,-1,1
2019-03-20,46.557498931884766,47.372501373291016,46.182498931884766,47.040000915527344,124140800,47.040000915527344,43.633596890767414,47.030642341195936,-1,-1
2019-03-21,47.505001068115234,49.08250045776367,47.45249938964844,48.772499084472656,204136800,48.772499084472656,43.680567747751866,48.76323440881009,-1,-1
2019-03-22,48.834999084472656,49.42250061035156,47.69499969482422,47.76250076293945,169630800,47.76250076293945,43.681455237070715,47.95367840612491,-1,1
2019-03-25,47.877498626708984,47.994998931884766,46.650001525878906,47.185001373291016,175381200,47.185001373291016,43.681455237070715,47.19572566843308,-1,1
2019-03-26,47.915000915527344,48.220001220703125,46.14500045776367,46.6974983215332,199202000,46.6974983215332,43.680567747751866,46.77308655512997,-1,1
2019-03-27,47.1875,47.439998626708984,46.63750076293945,47.11750030517578,119393600,47.11750030517578,43.633596890767414,47.114737441131545,-1,-1
2019-03-28,47.23749923706055,47.38999938964844,46.88249969482422,47.18000030517578,83121600,47.18000030517578,43.410343672434486,47.18847114565828,-1,1
2019-03-29,47.45750045776367,47.52000045776367,47.1349983215332,47.48749923706055,94256000,47.48749923706055,43.67222646077473,47.46660623452778,-1,-1
2019-04-01,47.90999984741211,47.91999816894531,47.095001220703125,47.810001373291016,111448000,47.810001373291016,43.62434724171956,47.73087436309432,-1,-1
2019-04-02,47.772499084472656,48.6150016784668,47.76250076293945,48.505001068115234,91062800,48.505001068115234,43.65417654673258,48.50142956810294,-1,-1
2019-04-03,48.3125,49.125,48.287498474121094,48.837501525878906,93087200,48.837501525878906,43.67222646077473,48.874971622962434,-1,1
2019-04-04,48.6974983215332,49.092498779296875,48.28499984741211,48.92250061035156,76457200,48.92250061035156,43.40841862360636,48.89674945308026,-1,-1
2019-04-05,49.11249923706055,49.275001525878906,48.98249816894531,49.25,74106400,49.25,43.408605861663816,49.2523940113048,-1,1
2019-04-08,49.10499954223633,50.057498931884766,49.084999084472656,50.025001525878906,103526800,50.025001525878906,43.604559803009025,49.9956570547911,-1,-1
2019-04-09,50.08000183105469,50.712501525878906,49.807498931884766,49.875,143072800,49.875,43.64728023529053,50.0140951082366,-1,1
2019-04-10,49.66999816894531,50.185001373291016,49.54499816894531,50.154998779296875,86781200,50.154998779296875,43.59686421076456,50.13669186521273,-1,-1
2019-04-11,50.212501525878906,50.25,49.61000061035156,49.73749923706055,83603200,49.73749923706055,43.59686421076456,49.784869362324784,-1,1
2019-04-12,49.79999923706055,50.03499984741211,49.0525016784668,49.717498779296875,111042800,49.717498779296875,43.62434724171956,49.683560985783345,-1,-1
2019-04-15,49.64500045776367,49.962501525878906,49.502498626708984,49.807498931884766,70146400,49.807498931884766,43.408605861663816,49.82784328462783,-1,1
2019-04-16,49.8650016784668,50.342498779296875,49.63999938964844,49.8125,102785600,49.8125,43.604559803009025,49.89688784881393,-1,1
2019-04-17,49.8849983215332,50.845001220703125,49.65250015258789,50.782501220703125,115627200,50.782501220703125,43.63294686635335,50.72570196630108,-1,-1
2019-04-18,50.779998779296875,51.037498474121094,50.630001068115234,50.96500015258789,96783200,50.96500015258789,43.69487672170002,50.970484357391214,-1,1
2019-04-22,50.70750045776367,51.23500061035156,50.584999084472656,51.13249969482422,77758000,51.13249969482422,43.40841862360636,51.13082348207361,-1,-1
2019-04-23,51.10749816894531,51.9375,50.974998474121094,51.869998931884766,93292000,51.869998931884766,43.67222646077473,51.83922997573019,-1,-1
2019-04-24,51.84000015258789,52.119998931884766,51.76250076293945,51.790000915527344,70162400,51.790000915527344,43.408605861663816,51.86519544815536,-1,1
2019-04-25,51.70750045776367,51.939998626708984,51.279998779296875,51.31999969482422,74172800,51.31999969482422,43.408605861663816,51.408424837085406,-1,1
2019-04-26,51.224998474121094,51.25,50.529998779296875,51.07500076293945,74596400,51.07500076293945,43.408605861663816,51.030076015092654,-1,-1
2019-04-29,51.099998474121094,51.49250030517578,50.96500015258789,51.15250015258789,88818800,51.15250015258789,43.65200152079264,51.213383380547086,-1,1
2019-04-30,50.76499938964844,50.849998474121094,49.77750015258789,50.16749954223633,186139600,50.16749954223633,43.680567747751866,50.191959002076345,-1,1
2019-05-01,52.470001220703125,53.82749938964844,52.307498931884766,52.630001068115234,259309200,52.630001068115234,43.680567747751866,52.8276065326979,-1,1
2019-05-02,52.459999084472656,53.162498474121094,52.032501220703125,52.287498474121094,127985200,52.287498474121094,43.633596890767414,52.40605620963637,-1,1
2019-05-03,52.72249984741211,52.959999084472656,52.557498931884766,52.9375,83569600,52.9375,43.59686421076456,52.93085439934878,-1,-1
2019-05-06,51.0724983215332,52.209999084472656,50.875,52.119998931884766,129772400,52.119998931884766,43.633596890767414,52.06462241979957,-1,-1
2019-05-07,51.470001220703125,51.85499954223633,50.20750045776367,50.71500015258789,155054800,50.71500015258789,43.681455237070715,50.77996249584546,-1,1
2019-05-08,50.474998474121094,51.334999084472656,50.4375,50.724998474121094,105358000,50.724998474121094,43.613772252400715,50.83359844521395,-1,1
2019-05-09,50.099998474121094,50.41999816894531,49.165000915527344,50.18000030517578,139634400,50.18000030517578,43.64728023529053,50.09293144287426,-1,-1
2019-05-10,49.35499954223633,49.712501525878906,48.192501068115234,49.29499816894531,164834800,49.29499816894531,43.681455237070715,49.209856201729465,-1,-1
2019-05-13,46.9275016784668,47.369998931884766,45.712501525878906,46.43000030517578,229722400,46.43000030517578,43.680567747751866,46.45266259966117,-1,1
2019-05-14,46.602500915527344,47.42499923706055,46.352500915527344,47.165000915527344,146118800,47.165000915527344,43.64728023529053,47.159540543586914,-1,-1
2019-05-15,46.567501068115234,47.9375,46.505001068115234,47.72999954223633,106178800,47.72999954223633,43.613772252400715,47.705296056705414,-1,-1
2019-05-16,47.477500915527344,48.11750030517578,47.209999084472656,47.52000045776367,132125600,47.52000045776367,43.633596890767414,47.60202409853605,-1,1
2019-05-17,46.73249816894531,47.724998474121094,46.689998626708984,47.25,131516400,47.25,43.633596890767414,47.31658611711876,-1,1
2019-05-20,45.880001068115234,46.087501525878906,45.06999969482422,45.772499084472656,154449200,45.772499084472656,43.681455237070715,45.72897702649059,-1,-1
2019-05-21,46.30500030517578,47.0,46.17499923706055,46.650001525878906,113459200,46.650001525878906,43.62434724171956,46.69221996237067,-1,1
2019-05-22,46.165000915527344,46.4275016784668,45.63750076293945,45.69499969482422,118994400,45.69499969482422,43.633596890767414,45.789737214868666,-1,1
2019-05-23,44.95000076293945,45.1349983215332,44.45249938964844,44.915000915527344,146118800,44.915000915527344,43.64728023529053,44.90125644683195,-1,-1
2019-05-24,45.04999923706055,45.53499984741211,44.654998779296875,44.74250030517578,94858800,44.74250030517578,43.67222646077473,44.85662134144936,-1,1
2019-05-28,44.72999954223633,45.147499084472656,44.477500915527344,44.557498931884766,111792800,44.557498931884766,43.62434724171956,44.65285835359725,-1,1
2019-05-29,44.10499954223633,44.837501525878906,44.0,44.345001220703125,113924800,44.345001220703125,43.63294686635335,44.42069588786173,-1,1
2019-05-30,44.48749923706055,44.807498931884766,44.16749954223633,44.57500076293945,84873600,44.57500076293945,43.59686421076456,44.58188404297898,-1,1
2019-05-31,44.057498931884766,44.497501373291016,43.747501373291016,43.76750183105469,108174400,43.76750183105469,43.59516026814779,43.88394108104168,-1,1
2019-06-03,43.900001525878906,44.47999954223633,42.567501068115234,43.32500076293945,161584400,43.32500076293945,43.198670676549284,43.365244933075964,-1,1
2019-06-04,43.86000061035156,44.95750045776367,43.630001068115234,44.90999984741211,123872000,44.90999984741211,43.585072110493975,44.838077458481266,-1,-1
2019-06-05,46.06999969482422,46.247501373291016,45.28499984741211,45.6349983215332,119093600,45.6349983215332,43.633596890767414,45.665421632560964,-1,1
2019-06-06,45.77000045776367,46.36750030517578,45.537498474121094,46.30500030517578,90105200,46.30500030517578,43.65200152079264,46.2692141963128,-1,-1
2019-06-07,46.627498626708984,47.97999954223633,46.442501068115234,47.537498474121094,122737600,47.537498474121094,43.633596890767414,47.549001701494255,-1,1
2019-06-10,47.95249938964844,48.842498779296875,47.904998779296875,48.14500045776367,104883600,48.14500045776367,43.59333478927611,48.26889875474352,-1,1
2019-06-11,48.71500015258789,49.0,48.400001525878906,48.70249938964844,107731600,48.70249938964844,43.62434724171956,48.73061630568427,-1,1
2019-06-12,48.48749923706055,48.99250030517578,48.34749984741211,48.54750061035156,73012800,48.54750061035156,43.408605861663816,48.62251151981226,-1,1
2019-06-13,48.67499923706055,49.1974983215332,48.400001525878906,48.537498474121094,86698400,48.537498474121094,43.59686421076456,48.63968310998756,-1,1
2019-06-14,47.88750076293945,48.397499084472656,47.57500076293945,48.185001373291016,75046000,48.185001373291016,43.395918623606356,48.1773348470521,-1,-1
2019-06-17,48.224998474121094,48.7400016784668,48.04249954223633,48.47249984741211,58676400,48.47249984741211,43.49315542221069,48.49812730465355,-1,1
2019-06-18,49.01250076293945,50.0724983215332,48.8025016784668,49.61249923706055,106204000,49.61249923706055,43.613772252400715,49.64410045506837,-1,1
2019-06-19,49.91999816894531,49.970001220703125,49.32749938964844,49.467498779296875,84496800,49.467498779296875,43.59686421076456,49.51323067223811,-1,1
2019-06-20,50.092498779296875,50.15250015258789,49.50749969482422,49.8650016784668,86056000,49.8650016784668,43.59686421076456,49.86159970165428,-1,-1
2019-06-21,49.70000076293945,50.212501525878906,49.537498474121094,49.69499969482422,191202400,49.69499969482422,43.680567747751866,49.787293612593274,-1,1
2019-06-24,49.6349983215332,50.040000915527344,49.54249954223633,49.64500045776367,72881600,49.64500045776367,43.408605861663816,49.72343111075273,-1,1
2019-06-25,49.60749816894531,49.814998626708984,48.8224983215332,48.89250183105469,84281200,48.89250183105469,43.59686421076456,48.99349525668919,-1,1
2019-06-26,49.442501068115234,50.247501373291016,49.337501525878906,49.95000076293945,104270000,49.95000076293945,43.59333478927611,49.978190521163846,-1,1
2019-06-27,50.0724983215332,50.39250183105469,49.89250183105469,49.935001373291016,83598800,49.935001373291016,43.59686421076456,50.019856744847225,-1,1
2019-06-28,49.66999816894531,49.875,49.26250076293945,49.47999954223633,124442400,49.47999954223633,43.633596890767414,49.52198354013265,-1,1
2019-07-01,50.79249954223633,51.122501373291016,50.162498474121094,50.38750076293945,109012000,50.38750076293945,43.62434724171956,50.46370324115966,-1,1
2019-07-02,50.352500915527344,50.782501220703125,50.34000015258789,50.682498931884766,67740800,50.682498931884766,51.12432448223659,50.69956869286375,1,1
2019-07-03,50.81999969482422,51.11000061035156,50.67250061035156,51.102500915527344,45448000,51.102500915527344,51.089171557925994,51.08262992614929,-1,-1
2019-07-05,50.837501525878906,51.27000045776367,50.724998474121094,51.057498931884766,69062000,51.057498931884766,50.999052250907525,51.08066141501197,-1,1
2019-07-08,50.20249938964844,50.349998474121094,49.602500915527344,50.005001068115234,101354400,50.005001068115234,50.02545387446691,49.997107141033524,1,-1
2019-07-09,49.79999923706055,50.377498626708984,49.70249938964844,50.310001373291016,82312000,50.310001373291016,50.517252454182454,50.283431456897574,1,-1
2019-07-10,50.462501525878906,50.932498931884766,50.38999938964844,50.807498931884766,71588400,50.807498931884766,51.12134616243272,50.813175948526194,1,1
2019-07-11,50.82749938964844,51.09749984741211,50.4275016784668,50.4375,80767200,50.4375,51.06007419153243,50.53090804651394,1,1
2019-07-12,50.61249923706055,51.0,50.54999923706055,50.82500076293945,70380800,50.82500076293945,51.019631315049665,50.85576970919328,1,1
2019-07-15,51.022499084472656,51.467498779296875,51.0,51.3025016784668,67789600,51.3025016784668,51.04863397180466,51.33186365849386,-1,1
2019-07-16,51.147499084472656,51.52750015258789,50.875,51.125,67467200,51.125,50.70500452193002,51.166748302552335,-1,1
2019-07-17,51.01250076293945,51.272499084472656,50.817501068115234,50.837501525878906,56430000,50.837501525878906,50.89764434732709,50.917713938801356,1,1
2019-07-18,51.0,51.470001220703125,50.92499923706055,51.415000915527344,74162400,51.415000915527344,50.86260580744062,51.40389761605287,-1,-1
2019-07-19,51.4474983215332,51.625,50.59000015258789,50.647499084472656,83717200,50.647499084472656,50.584801420726464,50.7324076778064,-1,1
2019-07-22,50.912498474121094,51.807498931884766,50.90250015258789,51.80500030517578,89111600,51.80500030517578,51.218999043600896,51.74201479966953,-1,-1
2019-07-23,52.1150016784668,52.227500915527344,51.8224983215332,52.209999084472656,73420800,52.209999084472656,51.82586127414402,52.19012537236225,-1,-1
2019-07-24,51.91749954223633,52.287498474121094,51.79249954223633,52.16749954223633,59966400,52.16749954223633,51.81212171615117,52.17285394601396,-1,1
2019-07-25,52.22249984741211,52.310001373291016,51.682498931884766,51.755001068115234,55638400,51.755001068115234,51.6283108297681,51.813150703732646,-1,1
2019-07-26,51.869998931884766,52.432498931884766,51.78499984741211,51.935001373291016,70475600,51.935001373291016,51.818408332158654,52.017808649639285,-1,1
2019-07-29,52.1150016784668,52.65999984741211,52.11000061035156,52.41999816894531,86693600,52.41999816894531,52.46495420169417,52.462461794619315,1,1
2019-07-30,52.189998626708984,52.540000915527344,51.82749938964844,52.19499969482422,135742800,52.19499969482422,51.89249568363977,52.21949009193993,-1,1
2019-07-31,54.10499954223633,55.342498779296875,52.82500076293945,53.2599983215332,277125600,53.2599983215332,54.0185247870854,53.41943290612954,1,1
2019-08-01,53.474998474121094,54.50749969482422,51.685001373291016,52.10749816894531,216071600,52.10749816894531,52.629429638090585,52.249956015672744,1,1
2019-08-02,51.38249969482422,51.60749816894531,50.407501220703125,51.005001068115234,163448400,51.005001068115234,50.63950817749993,50.98003459156477,-1,-1
2019-08-05,49.497501373291016,49.662498474121094,48.14500045776367,48.334999084472656,209572000,48.334999084472656,47.82800075752016,48.41948070573318,-1,1
2019-08-06,49.07749938964844,49.51750183105469,48.5099983215332,49.25,143299200,49.25,48.28378640931749,49.1981423331581,-1,-1
2019-08-07,48.852500915527344,49.88999938964844,48.45500183105469,49.7599983215332,133457600,49.7599983215332,48.79424141611371,49.63138288624427,-1,-1
2019-08-08,50.04999923706055,50.88249969482422,49.84749984741211,50.85749816894531,108038000,50.85749816894531,50.932652172361095,50.76897383460048,1,-1
2019-08-09,50.32500076293945,50.689998626708984,49.8224983215332,50.247501373291016,98478800,50.247501373291016,50.984552846969116,50.25571714575771,1,1
2019-08-12,49.904998779296875,50.51250076293945,49.787498474121094,50.119998931884766,89927600,50.119998931884766,50.65081369832962,50.16594326012335,1,1
2019-08-13,50.255001068115234,53.03499984741211,50.119998931884766,52.24250030517578,188874000,52.24250030517578,51.53840710125273,52.11515755210078,-1,-1
2019-08-14,50.790000915527344,51.61000061035156,50.647499084472656,50.6875,146189600,50.6875,50.57923412973918,50.83992760545854,-1,1
2019-08-15,50.8650016784668,51.28499984741211,49.91749954223633,50.435001373291016,108909600,50.435001373291016,50.92895162821573,50.44131936332403,1,1
2019-08-16,51.06999969482422,51.790000915527344,50.959999084472656,51.625,110481600,51.625,51.0710050967383,51.60667348560282,-1,-1
2019-08-19,52.654998779296875,53.182498931884766,52.50749969482422,52.587501525878906,97654400,52.587501525878906,52.68673181120142,52.69038185780692,1,1
2019-08-20,52.720001220703125,53.337501525878906,52.58000183105469,52.59000015258789,107537200,52.59000015258789,52.88164950856295,52.72171294966288,1,1
2019-08-21,53.247501373291016,53.412498474121094,52.900001525878906,53.15999984741211,86141600,53.15999984741211,53.67494642243655,53.18180400619207,1,1
2019-08-22,53.29750061035156,53.61000061035156,52.6875,53.1150016784668,89014800,53.1150016784668,53.385512518061184,53.12038263594315,1,1
2019-08-23,52.35749816894531,53.01250076293945,50.25,50.65999984741211,187272000,50.65999984741211,51.28595218873403,50.765661518600744,1,1
2019-08-26,51.46500015258789,51.79750061035156,51.26499938964844,51.622501373291016,104174400,51.622501373291016,51.26751612917582,51.637054777438465,-1,1
2019-08-27,51.96500015258789,52.13750076293945,50.88249969482422,51.040000915527344,103493200,51.040000915527344,51.06853307000417,51.10986727229206,1,1
2019-08-28,51.025001525878906,51.43000030517578,50.83000183105469,51.38249969482422,63755200,51.38249969482422,50.86260580744062,51.35031888493772,-1,-1
2019-08-29,52.125,52.33000183105469,51.665000915527344,52.252498626708984,83962000,52.252498626708984,51.83814019227406,52.20066700492797,-1,-1
2019-08-30,52.540000915527344,52.61249923706055,51.79999923706055,52.185001373291016,84573600,52.185001373291016,52.104226455779305,52.175757026841495,-1,-1
2019-09-03,51.60749816894531,51.744998931884766,51.05500030517578,51.42499923706055,80092000,51.42499923706055,51.3228211941492,51.4201279970292,-1,-1
2019-09-04,52.09749984741211,52.369998931884766,51.83000183105469,52.29750061035156,76752400,52.29750061035156,51.95363679828341,52.27610002444067,-1,-1
2019-09-05,53.0,53.49250030517578,52.877498626708984,53.31999969482422,95654800,53.31999969482422,54.210255660193305,53.32959212634806,1,1
2019-09-06,53.51250076293945,53.60499954223633,53.127498626708984,53.314998626708984,77449200,53.314998626708984,54.15082241412572,53.34606320092573,1,1
2019-09-09,53.709999084472656,54.11000061035156,52.76750183105469,53.54249954223633,109237600,53.54249954223633,54.19748103178115,53.485824263344426,1,-1
2019-09-10,53.46500015258789,54.19499969482422,52.9275016784668,54.17499923706055,127111600,54.17499923706055,54.27498803674608,54.031998798407955,1,-1
2019-09-11,54.51750183105469,55.9275016784668,54.432498931884766,55.897499084472656,177158400,55.897499084472656,55.255607946971104,55.77535782371092,-1,-1
2019-09-12,56.20000076293945,56.60499954223633,55.71500015258789,55.772499084472656,128906800,55.772499084472656,55.35516817065649,55.884387345554295,-1,1
2019-09-13,55.0,55.1974983215332,54.255001068115234,54.6875,159053200,54.6875,55.08640401258925,54.69552711245467,1,1
2019-09-16,54.432498931884766,55.032501220703125,54.38999938964844,54.974998474121094,84632400,54.974998474121094,55.01308523259845,54.9590504915826,1,-1
2019-09-17,54.9900016784668,55.20500183105469,54.779998779296875,55.17499923706055,73274800,55.17499923706055,55.151283811205914,55.16491968469753,-1,-1
2019-09-18,55.26499938964844,55.712501525878906,54.86000061035156,55.692501068115234,101360000,55.692501068115234,55.01256115195865,55.61226112271822,-1,-1
2019-09-19,55.502498626708984,55.939998626708984,55.092498779296875,55.2400016784668,88242400,55.2400016784668,55.56554055698335,55.324091521955,1,1
2019-09-20,55.345001220703125,55.63999938964844,54.36750030517578,54.432498931884766,221652400,54.432498931884766,54.53891537236411,54.558642356710614,1,1
2019-09-23,54.73749923706055,54.959999084472656,54.412498474121094,54.68000030517578,76662000,54.68000030517578,55.207410194306156,54.70546257076348,1,1
2019-09-24,55.25749969482422,55.622501373291016,54.29750061035156,54.41999816894531,124763200,54.41999816894531,54.744401246812615,54.52310735594854,1,1
2019-09-25,54.63750076293945,55.375,54.28499984741211,55.25749969482422,87613600,55.25749969482422,54.825247446453766,55.17169542168148,-1,-1
2019-09-26,55.0,55.23500061035156,54.70750045776367,54.97249984741211,75334000,54.97249984741211,55.1708551596687,54.99908117631031,1,1
2019-09-27,55.1349983215332,55.2400016784668,54.31999969482422,54.70500183105469,101408000,54.70500183105469,55.12522493426006,54.70642857113353,1,1
2019-09-30,55.224998474121094,56.14500045776367,55.1974983215332,55.99250030517578,103909600,55.99250030517578,55.69616225375827,55.965038363710605,-1,-1
2019-10-01,56.26750183105469,57.05500030517578,56.04999923706055,56.147499084472656,139223200,56.147499084472656,56.11714008110288,56.28744786806378,-1,1
2019-10-02,55.76499938964844,55.89500045776367,54.48249816894531,54.7400016784668,138449200,54.7400016784668,55.08065034893581,54.79506477220169,1,1
2019-10-03,54.60749816894531,55.2400016784668,53.782501220703125,55.20500183105469,114426000,55.20500183105469,54.730803021930505,55.01487188981226,-1,-1
2019-10-04,56.40999984741211,56.872501373291016,55.97249984741211,56.752498626708984,138478800,56.752498626708984,55.779682024910336,56.694871483904805,-1,-1
2019-10-07,56.567501068115234,57.48249816894531,56.459999084472656,56.76499938964844,122306000,56.76499938964844,56.503863276890335,56.86306962290084,-1,1
2019-10-08,56.45500183105469,57.01499938964844,56.08250045776367,56.099998474121094,111820000,56.099998474121094,56.10250602016751,56.23346394023366,1,1
2019-10-09,56.75749969482422,56.9474983215332,56.40999984741211,56.75749969482422,74770400,56.75749969482422,56.53568021952917,56.76163996743482,-1,1
2019-10-10,56.98249816894531,57.61000061035156,56.82500076293945,57.522499084472656,113013600,57.522499084472656,56.97140792311736,57.49218753969892,-1,-1
2019-10-11,58.23749923706055,59.40999984741211,58.07749938964844,59.0525016784668,166795600,59.0525016784668,56.722908264563046,59.02640301639336,-1,-1
2019-10-14,58.724998474121094,59.532501220703125,58.66749954223633,58.967498779296875,96427600,58.967498779296875,57.080421863616465,59.05055929612741,-1,1
2019-10-15,59.09749984741211,59.412498474121094,58.720001220703125,58.83000183105469,87360000,58.83000183105469,57.09751182943677,58.91117355275008,-1,1
2019-10-16,58.342498779296875,58.810001373291016,58.29999923706055,58.592498779296875,73903200,58.592498779296875,57.09751182943677,58.63428009041874,-1,1
2019-10-17,58.772499084472656,59.037498474121094,58.380001068115234,58.81999969482422,67585200,58.81999969482422,57.09751182943677,58.81168515823814,-1,-1
2019-10-18,58.647499084472656,59.39500045776367,58.5724983215332,59.102500915527344,97433600,59.102500915527344,57.08575190359449,59.123149490682955,-1,1
2019-10-21,59.380001068115234,60.247501373291016,59.33000183105469,60.127498626708984,87247200,60.127498626708984,57.09751182943677,60.09458566907465,-1,-1
2019-10-22,60.290000915527344,60.54999923706055,59.904998779296875,59.9900016784668,82293600,59.9900016784668,57.09751182943677,60.07134021937463,-1,1
2019-10-23,60.525001525878906,60.810001373291016,60.30500030517578,60.79499816894531,75828800,60.79499816894531,57.09751182943677,60.77477441291909,-1,-1
2019-10-24,61.127498626708984,61.20000076293945,60.45249938964844,60.89500045776367,69275200,60.89500045776367,57.09751182943677,60.874178811153904,-1,-1
2019-10-25,60.790000915527344,61.682498931884766,60.720001220703125,61.64500045776367,73477200,61.64500045776367,57.09751182943677,61.583121530284124,-1,-1
2019-10-28,61.85499954223633,62.3125,61.68000030517578,62.26250076293945,96572800,62.26250076293945,57.080421863616465,62.24258059851219,-1,-1
2019-10-29,62.24250030517578,62.4375,60.64250183105469,60.8224983215332,142839600,60.8224983215332,56.722908264563046,60.91853256093451,-1,1
2019-10-30,61.189998626708984,61.32500076293945,60.3025016784668,60.814998626708984,124522000,60.814998626708984,56.755623228687945,60.79941489845983,-1,-1
2019-10-31,61.810001373291016,62.29249954223633,59.314998626708984,62.189998626708984,139162000,62.189998626708984,56.722908264563046,61.683932567256605,-1,-1
2019-11-01,62.3849983215332,63.98249816894531,62.290000915527344,63.95500183105469,151125200,63.95500183105469,56.722908264563046,63.807424522149866,-1,-1
2019-11-04,64.3324966430664,64.4625015258789,63.845001220703125,64.375,103272000,64.375,57.08575190359449,64.34246177833148,-1,-1
2019-11-05,64.26249694824219,64.54750061035156,64.08000183105469,64.28250122070312,79897600,64.28250122070312,57.09751182943677,64.33515248167643,-1,1
2019-11-06,64.19249725341797,64.37249755859375,63.842498779296875,64.30999755859375,75864400,64.30999755859375,57.09751182943677,64.28986827663155,-1,-1
2019-11-07,64.68499755859375,65.0875015258789,64.52749633789062,64.85749816894531,94940400,64.85749816894531,57.09751182943677,64.89452430100468,-1,1
2019-11-08,64.67250061035156,65.11000061035156,64.2125015258789,65.03500366210938,69986400,65.03500366210938,57.09751182943677,64.95978551130294,-1,-1
2019-11-11,64.57499694824219,65.61750030517578,64.56999969482422,65.55000305175781,81821200,65.55000305175781,57.09751182943677,65.49434649159497,-1,-1
2019-11-12,65.38749694824219,65.69750213623047,65.2300033569336,65.48999786376953,87388800,65.48999786376953,57.09751182943677,65.53291388942088,-1,1
2019-11-13,65.28250122070312,66.19499969482422,65.26750183105469,66.11750030517578,102734400,66.11750030517578,57.08575190359449,66.08322723201496,-1,-1
2019-11-14,65.9375,66.22000122070312,65.5250015258789,65.66000366210938,89182800,65.66000366210938,57.09751182943677,65.7381063280397,-1,1
2019-11-15,65.91999816894531,66.44499969482422,65.75250244140625,66.44000244140625,100206400,66.44000244140625,57.08575190359449,66.4057387317182,-1,-1
2019-11-18,66.44999694824219,66.85749816894531,66.05750274658203,66.7750015258789,86703200,66.7750015258789,57.09751182943677,66.72441551007218,-1,-1
2019-11-19,66.9749984741211,67.0,66.34750366210938,66.57250213623047,76167200,66.57250213623047,57.09751182943677,66.60394759593001,-1,1
2019-11-20,66.38500213623047,66.5199966430664,65.0999984741211,65.79750061035156,106234400,65.79750061035156,56.91046374358245,65.74872401421166,-1,-1
2019-11-21,65.92250061035156,66.00250244140625,65.29499816894531,65.50250244140625,121395200,65.50250244140625,56.78346073402852,65.55127029078125,-1,1
2019-11-22,65.64749908447266,65.79499816894531,65.20999908447266,65.44499969482422,65325200,65.44499969482422,57.09751182943677,65.47977516532201,-1,1
2019-11-25,65.67749786376953,66.61000061035156,65.62999725341797,66.59249877929688,84020400,66.59249877929688,57.09751182943677,66.53105702962813,-1,-1
2019-11-26,66.73500061035156,66.79000091552734,65.625,66.07250213623047,105207600,66.07250213623047,56.91046374358245,66.07100798845907,-1,-1
2019-11-27,66.3949966430664,66.99500274658203,66.32749938964844,66.95999908447266,65235600,66.95999908447266,57.09751182943677,66.93939567534578,-1,-1
2019-11-29,66.6500015258789,67.0,66.4749984741211,66.8125,46617600,66.8125,57.09751182943677,66.83561577716492,-1,1
2019-12-02,66.81749725341797,67.0625,65.86250305175781,66.04000091552734,94487200,66.04000091552734,57.09751182943677,66.12001671005166,-1,1
2019-12-03,64.57749938964844,64.88249969482422,64.07250213623047,64.86250305175781,114430400,64.86250305175781,56.91046374358245,64.78886607794564,-1,-1
2019-12-04,65.26750183105469,65.82749938964844,65.16999816894531,65.43499755859375,67181600,65.43499755859375,57.09751182943677,65.49989646210904,-1,1
2019-12-05,65.94750213623047,66.47250366210938,65.68250274658203,66.3949966430664,74424400,66.3949966430664,57.09751182943677,66.35297761662171,-1,-1
2019-12-06,66.87000274658203,67.75,66.82499694824219,67.67749786376953,106075600,67.67749786376953,56.91046374358245,67.64158274118557,-1,-1
2019-12-09,67.5,67.69999694824219,66.22750091552734,66.7300033569336,128042400,66.7300033569336,56.722908264563046,66.74047600260722,-1,1
2019-12-10,67.1500015258789,67.51750183105469,66.46499633789062,67.12000274658203,90420400,67.12000274658203,57.09751182943677,67.08939394390664,-1,-1
2019-12-11,67.20249938964844,67.7750015258789,67.125,67.69249725341797,78756800,67.69249725341797,57.09751182943677,67.68785888730403,-1,-1
2019-12-12,66.94499969482422,68.13999938964844,66.83000183105469,67.86499786376953,137310400,67.86499786376953,56.722908264563046,67.827514036542,-1,-1
2019-12-13,67.86499786376953,68.82499694824219,67.73249816894531,68.7874984741211,133587600,68.7874984741211,56.722908264563046,68.7190446226102,-1,-1
2019-12-16,69.25,70.19750213623047,69.24500274658203,69.96499633789062,128186000,69.96499633789062,56.722908264563046,69.97364840874938,-1,1
2019-12-17,69.89250183105469,70.44249725341797,69.69999694824219,70.10250091552734,114158400,70.10250091552734,56.91046374358245,70.14691807140315,-1,1
2019-12-18,69.94999694824219,70.4749984741211,69.77999877929688,69.93499755859375,116028400,69.93499755859375,56.91046374358245,70.03678907790592,-1,1
2019-12-19,69.875,70.29499816894531,69.73750305175781,70.00499725341797,98369200,70.00499725341797,57.08575190359449,70.06344717272458,-1,1
2019-12-20,70.55750274658203,70.6624984741211,69.63999938964844,69.86000061035156,275978000,69.86000061035156,56.78608837331461,69.94637249624243,-1,1
2019-12-23,70.13249969482422,71.0625,70.09249877929688,71.0,98572000,71.0,57.08575190359449,70.95751734766131,-1,-1
2019-12-24,71.17250061035156,71.22250366210938,70.7300033569336,71.06749725341797,48478800,71.06749725341797,57.09751182943677,71.06786330624776,-1,1
2019-12-26,71.20500183105469,72.49500274658203,71.17500305175781,72.47750091552734,93121200,72.47750091552734,57.09751182943677,72.37902799697152,-1,-1
2019-12-27,72.77999877929688,73.49250030517578,72.02999877929688,72.44999694824219,146266000,72.44999694824219,56.722908264563046,72.53167849636378,-1,1
2019-12-30,72.36499786376953,73.17250061035156,71.30500030517578,72.87999725341797,144114400,72.87999725341797,56.722908264563046,72.69812640681704,-1,-1
2019-12-31,72.48249816894531,73.41999816894531,72.37999725341797,73.4124984741211,100805600,73.4124984741211,57.08575190359449,73.34430175970533,-1,-1
2020-01-02,74.05999755859375,75.1500015258789,73.79750061035156,75.0875015258789,135480400,75.0875015258789,56.722908264563046,74.98523038902842,-1,-1
2020-01-03,74.2874984741211,75.1449966430664,74.125,74.35749816894531,146322800,74.35749816894531,56.722908264563046,74.4864625379294,-1,1
2020-01-06,73.44750213623047,74.98999786376953,73.1875,74.94999694824219,118387200,74.94999694824219,56.85137491817497,74.78019294990546,-1,-1
2020-01-07,74.95999908447266,75.2249984741211,74.37000274658203,74.59750366210938,108872000,74.59750366210938,56.91046374358245,74.66643671240692,-1,1
2020-01-08,74.29000091552734,76.11000061035156,74.29000091552734,75.79750061035156,132079200,75.79750061035156,56.722908264563046,75.71730923831798,-1,-1
2020-01-09,76.80999755859375,77.60749816894531,76.55000305175781,77.40750122070312,170108400,77.40750122070312,56.77013086141276,77.38567944068994,-1,-1
2020-01-10,77.6500015258789,78.1675033569336,77.0625,77.5824966430664,140644800,77.5824966430664,56.722908264563046,77.61607157739573,-1,1
2020-01-13,77.91000366210938,79.26750183105469,77.7874984741211,79.23999786376953,121532000,79.23999786376953,56.78346073402852,79.1252365215574,-1,-1
2020-01-14,79.17500305175781,79.39250183105469,78.0425033569336,78.16999816894531,161954400,78.16999816894531,56.722908264563046,78.28526083962174,-1,1
2020-01-15,77.9625015258789,78.875,77.38749694824219,77.83499908447266,121923600,77.83499908447266,56.78346073402852,77.92785229157403,-1,1
2020-01-16,78.39749908447266,78.92500305175781,78.02249908447266,78.80999755859375,108829200,78.80999755859375,56.91046374358245,78.76871359457797,-1,-1
2020-01-17,79.06749725341797,79.68499755859375,78.75,79.68250274658203,137816400,79.68250274658203,56.722908264563046,79.6198549332732,-1,-1
2020-01-21,79.29750061035156,79.75499725341797,79.0,79.14250183105469,110843200,79.14250183105469,56.91046374358245,79.24977734885633,-1,1
2020-01-22,79.6449966430664,79.99749755859375,79.32749938964844,79.42500305175781,101832400,79.42500305175781,57.08575190359449,79.53066173036301,-1,1
2020-01-23,79.4800033569336,79.88999938964844,78.9124984741211,79.80750274658203,104472000,79.80750274658203,56.91046374358245,79.73205054837467,-1,-1
2020-01-24,80.0625,80.8324966430664,79.37999725341797,79.57749938964844,146537600,79.57749938964844,56.722908264563046,79.72405770985712,-1,1
2020-01-27,77.51499938964844,77.94249725341797,76.22000122070312,77.23750305175781,161940000,77.23750305175781,56.722908264563046,77.16230849405248,-1,-1
2020-01-28,78.1500015258789,79.5999984741211,78.04750061035156,79.42250061035156,162234000,79.42250061035156,56.722908264563046,79.34369137717141,-1,-1
2020-01-29,81.11250305175781,81.9625015258789,80.34500122070312,81.08499908447266,216229200,81.08499908447266,56.78608837331461,81.12305785783472,-1,1
2020-01-30,80.13500213623047,81.02249908447266,79.6875,80.96749877929688,126743200,80.96749877929688,56.755623228687945,80.85315611735227,-1,-1
2020-01-31,80.23249816894531,80.66999816894531,77.07250213623047,77.37750244140625,199588400,77.37750244140625,56.78608837331461,77.53745333550874,-1,1
2020-02-03,76.07499694824219,78.37249755859375,75.55500030517578,77.16500091552734,173788400,77.16500091552734,56.78608837331461,77.13676355677168,-1,-1
2020-02-04,78.82749938964844,79.91000366210938,78.40750122070312,79.7125015258789,136616400,79.7125015258789,56.722908264563046,79.61404960881977,-1,-1
2020-02-05,80.87999725341797,81.19000244140625,79.73750305175781,80.36250305175781,118826800,80.36250305175781,56.85137491817497,80.36106055761283,-1,-1
2020-02-06,80.64250183105469,81.30500030517578,80.06500244140625,81.30249786376953,105425600,81.30249786376953,56.91046374358245,81.1733892495399,-1,-1
2020-02-07,80.59249877929688,80.8499984741211,79.5,80.00749969482422,117684000,80.00749969482422,56.85137491817497,80.02700516820941,-1,1
2020-02-10,78.54499816894531,80.38749694824219,78.4625015258789,80.38749694824219,109348800,80.38749694824219,56.91046374358245,80.20968287162572,-1,-1
2020-02-11,80.9000015258789,80.9749984741211,79.67749786376953,79.90249633789062,94323200,79.90249633789062,57.09751182943677,79.97018894548148,-1,1
2020-02-12,80.36750030517578,81.80500030517578,80.36750030517578,81.80000305175781,113730400,81.80000305175781,56.91046374358245,81.69647058672533,-1,-1
2020-02-13,81.04750061035156,81.55500030517578,80.8375015258789,81.21749877929688,94747600,81.21749877929688,57.09751182943677,81.26868811883517,-1,1
2020-02-14,81.18499755859375,81.49500274658203,80.7125015258789,81.23750305175781,80113600,81.23750305175781,57.09751182943677,81.23572367803621,-1,-1
2020-02-18,78.83999633789062,79.9375,78.65249633789062,79.75,152531200,79.75,56.722908264563046,79.70023686043106,-1,-1
2020-02-19,80.0,81.14250183105469,80.0,80.90499877929688,93984000,80.90499877929688,57.09751182943677,80.89323402628618,-1,-1
2020-02-20,80.65750122070312,81.1624984741211,79.55249786376953,80.07499694824219,100566000,80.07499694824219,57.08575190359449,80.1164282423581,-1,1
2020-02-21,79.65499877929688,80.11250305175781,77.625,78.26249694824219,129554000,78.26249694824219,56.722908264563046,78.30003893403254,-1,1
2020-02-24,74.31500244140625,76.04499816894531,72.30750274658203,74.54499816894531,222195200,74.54499816894531,56.78608837331461,74.34682935662347,-1,-1
2020-02-25,75.23750305175781,75.63249969482422,71.53250122070312,72.0199966430664,230673600,72.0199966430664,56.78608837331461,72.14683118497288,-1,1
2020-02-26,71.63249969482422,74.47000122070312,71.625,73.1624984741211,198054800,73.1624984741211,56.78608837331461,73.19969104806262,-1,1
2020-02-27,70.2750015258789,71.5,68.23999786376953,68.37999725341797,320605600,68.37999725341797,56.78608837331461,68.65114001025667,-1,1
2020-02-28,64.31500244140625,69.60250091552734,64.09249877929688,68.33999633789062,426510000,68.33999633789062,56.78608837331461,68.03184733726478,-1,-1
2020-03-02,70.56999969482422,75.36000061035156,69.43000030517578,74.70249938964844,341397200,74.70249938964844,56.78608837331461,74.1033565576177,-1,-1
2020-03-03,75.9175033569336,76.0,71.44999694824219,72.33000183105469,319475600,72.33000183105469,56.78608837331461,72.36204639694942,-1,1
2020-03-04,74.11000061035156,75.8499984741211,73.28250122070312,75.68499755859375,219178400,75.68499755859375,56.78608837331461,75.41445427307455,-1,-1
2020-03-05,73.87999725341797,74.88749694824219,72.85250091552734,73.2300033569336,187572800,73.2300033569336,56.78608837331461,73.37105396475286,-1,1
2020-03-06,70.5,72.70500183105469,70.30750274658203,72.25749969482422,226176800,72.25749969482422,56.78608837331461,72.13108241873684,-1,-1
2020-03-09,65.9375,69.52249908447266,65.75,66.5425033569336,286744800,66.5425033569336,56.78608837331461,66.861952797817,-1,1
2020-03-10,69.28500366210938,71.61000061035156,67.34249877929688,71.33499908447266,285290000,71.33499908447266,56.78608837331461,70.78044435372904,-1,-1
2020-03-11,69.34750366210938,70.30500030517578,67.96499633789062,68.85749816894531,255598800,68.85749816894531,56.78608837331461,68.88472226887333,-1,1
2020-03-12,63.98500061035156,67.5,62.0,62.057498931884766,418474000,62.057498931884766,56.78608837331461,62.61883204239227,-1,1
2020-03-13,66.22250366210938,69.9800033569336,63.23749923706055,69.49250030517578,370732000,69.49250030517578,56.78608837331461,68.58848801622092,-1,-1
2020-03-16,60.48749923706055,64.7699966430664,60.0,60.5525016784668,322423600,60.5525016784668,56.78608837331461,61.019697872102064,-1,1
2020-03-17,61.877498626708984,64.40249633789062,59.599998474121094,63.21500015258789,324056000,63.21500015258789,56.78608837331461,62.78525099917073,-1,-1
2020-03-18,59.942501068115234,62.5,59.279998779296875,61.66749954223633,300233600,61.66749954223633,56.78608837331461,61.49125193430243,-1,-1
2020-03-19,61.84749984741211,63.209999084472656,60.65250015258789,61.19499969482422,271857200,61.19499969482422,56.78608837331461,61.345296403228005,-1,1
2020-03-20,61.79499816894531,62.95750045776367,57.0,57.310001373291016,401693200,57.310001373291016,56.78608837331461,57.61553573682774,-1,1
2020-03-23,57.02000045776367,57.125,53.15250015258789,56.092498779296875,336752800,56.092498779296875,55.090080801464254,55.5951234234536,-1,-1
2020-03-24,59.09000015258789,61.92250061035156,58.57500076293945,61.720001220703125,287531200,61.720001220703125,56.78608837331461,61.38300141295469,-1,-1
2020-03-25,62.6875,64.5625,61.07500076293945,61.380001068115234,303602000,61.380001068115234,56.78608837331461,61.66402782357139,-1,1
2020-03-26,61.630001068115234,64.66999816894531,61.59000015258789,64.61000061035156,252087200,64.61000061035156,56.78608837331461,64.31002982296877,-1,-1
2020-03-27,63.1875,63.967498779296875,61.76250076293945,61.935001373291016,204216800,61.935001373291016,56.78608837331461,62.10556208960283,-1,1
2020-03-30,62.685001373291016,63.880001068115234,62.349998474121094,63.70249938964844,167976400,63.70249938964844,56.722908264563046,63.595295219261665,-1,-1
2020-03-31,63.900001525878906,65.62249755859375,63.0,63.5724983215332,197002000,63.5724983215332,56.78608837331461,63.7371724981487,-1,1
2020-04-01,61.625,62.18000030517578,59.782501220703125,60.227500915527344,176218400,60.227500915527344,56.78608837331461,60.31148017927984,-1,1
2020-04-02,60.084999084472656,61.287498474121094,59.224998474121094,61.23249816894531,165934000,61.23249816894531,56.722908264563046,60.97817089626088,-1,-1
2020-04-03,60.70000076293945,61.42499923706055,59.74250030517578,60.352500915527344,129880000,60.352500915527344,56.722908264563046,60.38249666878562,-1,1
2020-04-06,62.724998474121094,65.77749633789062,62.345001220703125,65.61750030517578,201820400,65.61750030517578,56.78608837331461,65.25900601079827,-1,-1
2020-04-07,67.69999694824219,67.92500305175781,64.75,64.85749816894531,202887200,64.85749816894531,56.78608837331461,65.02636240179064,-1,1
2020-04-08,65.68499755859375,66.84249877929688,65.30750274658203,66.51750183105469,168895200,66.51750183105469,56.722908264563046,66.44457619576403,-1,-1
2020-04-09,67.17500305175781,67.51750183105469,66.17500305175781,66.99749755859375,161834800,66.99749755859375,56.722908264563046,66.94390587907645,-1,-1
2020-04-13,67.07749938964844,68.42500305175781,66.4574966430664,68.3125,131022800,68.3125,56.722908264563046,68.10494531510362,-1,-1
2020-04-14,70.0,72.0625,69.51249694824219,71.76249694824219,194994800,71.76249694824219,56.78608837331461,71.54907367837106,-1,-1
2020-04-15,70.5999984741211,71.5824966430664,70.15750122070312,71.10749816894531,131154400,71.10749816894531,56.722908264563046,71.07756553759623,-1,-1
2020-04-16,71.84500122070312,72.05000305175781,70.5875015258789,71.67250061035156,157125200,71.67250061035156,56.722908264563046,71.54919630985081,-1,-1
2020-04-17,71.17250061035156,71.73750305175781,69.21499633789062,70.69999694824219,215250000,70.69999694824219,56.78608837331461,70.54840493603966,-1,-1
2020-04-20,69.48750305175781,70.41999816894531,69.2125015258789,69.23249816894531,130015200,69.23249816894531,56.722908264563046,69.41840749925173,-1,1
2020-04-21,69.06999969482422,69.3125,66.35749816894531,67.09249877929688,180991600,67.09249877929688,56.78608837331461,67.10088526789544,-1,1
2020-04-22,68.40249633789062,69.4749984741211,68.05000305175781,69.0250015258789,116862400,69.0250015258789,56.91046374358245,68.9925257937173,-1,-1
2020-04-23,68.96749877929688,70.4375,68.71749877929688,68.75749969482422,124814400,68.75749969482422,56.755623228687945,68.99753839976262,-1,1
2020-04-24,69.30000305175781,70.75250244140625,69.25,70.74250030517578,126161200,70.74250030517578,56.755623228687945,70.6206658643207,-1,-1
2020-04-27,70.44999694824219,71.13500213623047,69.98750305175781,70.7925033569336,117087600,70.7925033569336,56.91046374358245,70.76228776712502,-1,-1
2020-04-28,71.2699966430664,71.4574966430664,69.55000305175781,69.6449966430664,112004800,69.6449966430664,56.91046374358245,69.76624089504651,-1,1
2020-04-29,71.18250274658203,72.4175033569336,70.97250366210938,71.93250274658203,137280800,71.93250274658203,56.722908264563046,71.92387392532828,-1,-1
2020-04-30,72.48999786376953,73.63249969482422,72.0875015258789,73.44999694824219,183064000,73.44999694824219,56.78608837331461,73.34662270182832,-1,-1
2020-05-01,71.5625,74.75,71.4625015258789,72.26750183105469,240616800,72.26750183105469,56.78608837331461,72.53306333319935,-1,1
2020-05-04,72.2925033569336,73.42250061035156,71.58000183105469,73.29000091552734,133568000,73.29000091552734,56.722908264563046,73.10032724577044,-1,-1
2020-05-05,73.76499938964844,75.25,73.61499786376953,74.38999938964844,147751200,74.38999938964844,56.722908264563046,74.45711547332425,-1,1
2020-05-06,75.11499786376953,75.80999755859375,74.71749877929688,75.15750122070312,142333600,75.15750122070312,56.722908264563046,75.2237905747714,-1,1
2020-05-07,75.80500030517578,76.2925033569336,75.49250030517578,75.93499755859375,115215200,75.93499755859375,56.91046374358245,75.97075252011119,-1,1
2020-05-08,76.41000366210938,77.5875015258789,76.07250213623047,77.53250122070312,133838400,77.53250122070312,56.722908264563046,77.40229006850035,-1,-1
2020-05-11,77.0250015258789,79.26249694824219,76.80999755859375,78.75250244140625,145946400,78.75250244140625,56.722908264563046,78.62386413492875,-1,-1
2020-05-12,79.4574966430664,79.92250061035156,77.72750091552734,77.85250091552734,162301200,77.85250091552734,56.722908264563046,78.01321406149054,-1,1
2020-05-13,78.0374984741211,78.98750305175781,75.80249786376953,76.9124984741211,200622400,76.9124984741211,56.78608837331461,76.90686721280477,-1,-1
2020-05-14,76.12750244140625,77.44750213623047,75.38249969482422,77.38500213623047,158929200,77.38500213623047,56.722908264563046,77.15366936379132,-1,-1
2020-05-15,75.0875015258789,76.9749984741211,75.05249786376953,76.92749786376953,166348400,76.92749786376953,56.722908264563046,76.77257449053398,-1,-1
2020-05-18,78.2925033569336,79.125,77.58000183105469,78.73999786376953,135178400,78.73999786376953,56.722908264563046,78.65599264094821,-1,-1
2020-05-19,78.75749969482422,79.62999725341797,78.25250244140625,78.28500366210938,101729600,78.28500366210938,57.08575190359449,78.46999889072563,-1,1
2020-05-20,79.16999816894531,79.87999725341797,79.12999725341797,79.80750274658203,111504800,79.80750274658203,56.91046374358245,79.80563727650153,-1,-1
2020-05-21,79.66500091552734,80.22250366210938,78.96749877929688,79.2125015258789,102688800,79.2125015258789,57.08575190359449,79.31602357180829,-1,1
2020-05-22,78.94249725341797,79.80750274658203,78.8375015258789,79.72250366210938,81803200,79.72250366210938,57.09751182943677,79.68412388840645,-1,-1
2020-05-26,80.875,81.05999755859375,79.125,79.18250274658203,125522000,79.18250274658203,56.755623228687945,79.32339391598823,-1,1
2020-05-27,79.03500366210938,79.67749786376953,78.27249908447266,79.52749633789062,112945200,79.52749633789062,56.91046374358245,79.39693008088076,-1,-1
2020-05-28,79.19249725341797,80.86000061035156,78.90750122070312,79.5625,133560800,79.5625,56.722908264563046,79.68529614018702,-1,1
2020-05-29,79.8125,80.2874984741211,79.11750030517578,79.48500061035156,153532400,79.48500061035156,56.722908264563046,79.55787507467244,-1,1
2020-06-01,79.4375,80.5875015258789,79.30249786376953,80.4625015258789,80791200,80.4625015258789,57.09751182943677,80.39032867016854,-1,-1
2020-06-02,80.1875,80.86000061035156,79.73249816894531,80.83499908447266,87642800,80.83499908447266,57.09751182943677,80.73326146458842,-1,-1
2020-06-03,81.16500091552734,81.55000305175781,80.57499694824219,81.27999877929688,104491200,81.27999877929688,56.91046374358245,81.25009758463807,-1,-1
2020-06-04,81.09750366210938,81.40499877929688,80.19499969482422,80.58000183105469,87560400,80.58000183105469,57.09751182943677,80.62518277809613,-1,1
2020-06-05,80.8375015258789,82.9375,80.80750274658203,82.875,137250400,82.875,56.722908264563046,82.69669107658969,-1,-1
2020-06-08,82.5625,83.4000015258789,81.83000183105469,83.36499786376953,95654400,83.36499786376953,57.080421863616465,83.18721733759149,-1,-1
2020-06-09,83.03500366210938,86.40249633789062,83.00250244140625,85.99749755859375,147712400,85.99749755859375,56.722908264563046,85.74002034129452,-1,-1
2020-06-10,86.9749984741211,88.69249725341797,86.52249908447266,88.20999908447266,166651600,88.20999908447266,56.722908264563046,88.10263019526641,-1,-1
2020-06-11,87.32749938964844,87.76499938964844,83.87000274658203,83.9749984741211,201662400,83.9749984741211,56.78608837331461,84.19802170596489,-1,1
2020-06-12,86.18000030517578,86.94999694824219,83.55500030517578,84.69999694824219,200146000,84.69999694824219,56.78608837331461,84.6825490849166,-1,-1
2020-06-15,83.3125,86.41999816894531,83.1449966430664,85.74749755859375,138808800,85.74749755859375,56.722908264563046,85.55884387059655,-1,-1
2020-06-16,87.86499786376953,88.30000305175781,86.18000030517578,88.0199966430664,165428800,88.0199966430664,56.722908264563046,87.7642988952241,-1,-1
2020-06-17,88.7874984741211,88.8499984741211,87.77249908447266,87.89749908447266,114406400,87.89749908447266,56.91046374358245,87.99216986120528,-1,1
2020-06-18,87.85250091552734,88.36250305175781,87.30500030517578,87.93250274658203,96820400,87.93250274658203,57.08575190359449,87.93858617229475,-1,1
2020-06-19,88.66000366210938,89.13999938964844,86.2874984741211,87.43000030517578,264476000,87.43000030517578,56.78608837331461,87.38614365984614,-1,-1
2020-06-22,87.83499908447266,89.86499786376953,87.7874984741211,89.71749877929688,135445200,89.71749877929688,56.722908264563046,89.57059560665355,-1,-1
2020-06-23,91.0,93.09500122070312,90.56749725341797,91.63249969482422,212155600,91.63249969482422,56.78608837331461,91.73040838091076,-1,1
2020-06-24,91.25,92.19750213623047,89.62999725341797,90.01499938964844,192623200,90.01499938964844,56.78608837331461,90.17844485617206,-1,1
2020-06-25,90.17500305175781,91.25,89.39250183105469,91.20999908447266,137522400,91.20999908447266,56.722908264563046,91.0046780040359,-1,-1
2020-06-26,91.10250091552734,91.33000183105469,88.25499725341797,88.40750122070312,205256800,88.40750122070312,56.78608837331461,88.58189029603697,-1,1
2020-06-29,88.3125,90.5425033569336,87.81999969482422,90.44499969482422,130646000,90.44499969482422,56.722908264563046,90.16283038820026,-1,-1
2020-06-30,90.0199966430664,91.49500274658203,90.0,91.19999694824219,140223200,91.19999694824219,56.722908264563046,91.17025233526569,-1,-1
2020-07-01,91.27999877929688,91.83999633789062,90.97750091552734,91.02749633789062,110737200,91.02749633789062,56.91046374358245,91.17867997009898,-1,1
2020-07-02,91.9625015258789,92.61750030517578,90.91000366210938,91.02749633789062,114041600,91.02749633789062,56.91046374358245,91.19474556411032,-1,1
2020-07-06,92.5,93.94499969482422,92.46749877929688,93.4625015258789,118655600,93.4625015258789,56.85137491817497,93.4781111090164,-1,1
2020-07-07,93.85250091552734,94.65499877929688,93.05750274658203,93.17250061035156,112424400,93.17250061035156,56.91046374358245,93.35123487960425,-1,1
2020-07-08,94.18000030517578,95.375,94.08999633789062,95.34249877929688,117092000,95.34249877929688,56.91046374358245,95.26948600997223,-1,-1
2020-07-09,96.26249694824219,96.31749725341797,94.67250061035156,95.75250244140625,125642800,95.75250244140625,56.755623228687945,95.6367095416123,-1,-1
2020-07-10,95.33499908447266,95.9800033569336,94.70500183105469,95.91999816894531,90257200,95.91999816894531,57.09751182943677,95.80500004731675,-1,-1
2020-07-13,97.26499938964844,99.95500183105469,95.25749969482422,95.47750091552734,191649200,95.47750091552734,56.78608837331461,95.89432104780934,-1,1
2020-07-14,94.83999633789062,97.25499725341797,93.87750244140625,97.05750274658203,170989200,97.05750274658203,56.78608837331461,96.6857125770612,-1,-1
2020-07-15,98.98999786376953,99.24749755859375,96.48999786376953,97.7249984741211,153198000,97.7249984741211,56.722908264563046,97.6262331658068,-1,-1
2020-07-16,96.5625,97.40499877929688,95.90499877929688,96.52249908447266,110577600,96.52249908447266,56.91046374358245,96.58106310860046,-1,1
2020-07-17,96.98750305175781,97.14749908447266,95.83999633789062,96.32749938964844,92186800,96.32749938964844,57.09751182943677,96.35110475098863,-1,1
2020-07-20,96.4175033569336,98.5,96.0625,98.35749816894531,90318000,98.35749816894531,57.09751182943677,98.13506930880399,-1,-1
2020-07-21,99.17250061035156,99.25,96.74250030517578,97.0,103433200,97.0,57.03405284522247,97.10942881651555,-1,1
2020-07-22,96.69249725341797,97.9749984741211,96.60250091552734,97.27249908447266,89001600,97.27249908447266,57.09751182943677,97.34898581115452,-1,1
2020-07-23,96.99749755859375,97.07749938964844,92.01000213623047,92.84500122070312,197004400,92.84500122070312,56.78608837331461,92.89819703746772,-1,1
2020-07-24,90.98750305175781,92.97000122070312,89.1449966430664,92.61499786376953,185438800,92.61499786376953,56.78608837331461,92.14689898570792,-1,-1
2020-07-27,93.70999908447266,94.90499877929688,93.4800033569336,94.80999755859375,121214000,94.80999755859375,56.822748246489866,94.72223295414352,-1,-1
2020-07-28,94.36750030517578,94.55000305175781,93.24749755859375,93.25250244140625,103625600,93.25250244140625,57.03405284522247,93.39562985898995,-1,1
2020-07-29,93.75,95.2300033569336,93.7125015258789,95.04000091552734,90329200,95.04000091552734,57.09751182943677,94.9746951160772,-1,-1
2020-07-30,94.1875,96.29750061035156,93.76750183105469,96.19000244140625,158130000,96.19000244140625,56.722908264563046,95.95102063145946,-1,-1
2020-07-31,102.88500213623047,106.41500091552734,100.82499694824219,106.26000213623047,374336800,106.26000213623047,56.78608837331461,105.53485831583019,-1,-1
2020-08-03,108.19999694824219,111.63749694824219,107.89250183105469,108.9375,308151200,108.9375,56.78608837331461,109.21914921015654,-1,1
2020-08-04,109.13249969482422,110.79000091552734,108.38749694824219,109.66500091552734,173071600,109.66500091552734,56.78608837331461,109.67780763720289,-1,1
2020-08-05,109.37750244140625,110.39250183105469,108.89749908447266,110.0625,121776800,110.0625,56.78346073402852,110.01409778188115,-1,-1
2020-08-06,110.40499877929688,114.4124984741211,109.79750061035156,113.90249633789062,202428800,113.90249633789062,56.78608837331461,113.49338500815672,-1,-1
2020-08-07,113.20500183105469,113.67500305175781,110.2925033569336,111.11250305175781,198045600,111.11250305175781,56.78608837331461,111.16953092787513,-1,1
2020-08-10,112.5999984741211,113.7750015258789,110.0,112.72750091552734,212403600,112.72750091552734,56.78608837331461,112.3918372882985,-1,-1
2020-08-11,111.97000122070312,112.48249816894531,109.10749816894531,109.375,187902400,109.375,56.78608837331461,109.56775655903704,-1,1
2020-08-12,110.49749755859375,113.2750015258789,110.29750061035156,113.01000213623047,165598000,113.01000213623047,56.722908264563046,112.78412595689593,-1,-1
2020-08-13,114.43000030517578,116.0425033569336,113.92749786376953,115.01000213623047,210082000,115.01000213623047,56.78608837331461,115.06914035095198,-1,1
2020-08-14,114.83000183105469,115.0,113.04499816894531,114.90750122070312,165565200,114.90750122070312,56.722908264563046,114.6405120765059,-1,-1
2020-08-17,116.0625,116.0875015258789,113.9625015258789,114.60749816894531,119561600,114.60749816894531,56.822748246489866,114.62339709385955,-1,1
2020-08-18,114.35250091552734,116.0,114.00749969482422,115.5625,105633600,115.5625,56.91046374358245,115.48811248593506,-1,-1
2020-08-19,115.98249816894531,117.1624984741211,115.61000061035156,115.7074966430664,145538000,115.7074966430664,56.722908264563046,115.94494773788603,-1,1
2020-08-20,115.75,118.39250183105469,115.73249816894531,118.2750015258789,126907200,118.2750015258789,56.755623228687945,118.06795544765231,-1,-1
2020-08-21,119.26249694824219,124.86750030517578,119.25,124.37000274658203,338054800,124.37000274658203,56.78608837331461,123.90779537566321,-1,-1
2020-08-24,128.69749450683594,128.78500366210938,123.9375,125.85749816894531,345937600,125.85749816894531,56.78608837331461,125.69064875885681,-1,-1
2020-08-25,124.69750213623047,125.18000030517578,123.05249786376953,124.82499694824219,211495600,124.82499694824219,56.78608837331461,124.62723578127891,-1,-1
2020-08-26,126.18000030517578,126.99250030517578,125.0824966430664,126.52249908447266,163022400,126.52249908447266,56.722908264563046,126.42131999091853,-1,-1
2020-08-27,127.14250183105469,127.48500061035156,123.8324966430664,125.01000213623047,155552400,125.01000213623047,56.722908264563046,124.9801033689541,-1,-1
2020-08-28,126.01249694824219,126.44249725341797,124.57749938964844,124.80750274658203,187630000,124.80750274658203,56.78608837331461,124.97186442542379,-1,1
2020-08-31,127.58000183105469,131.0,126.0,129.0399932861328,225702700,129.0399932861328,56.78608837331461,128.86883938588258,-1,-1
2020-09-01,132.75999450683594,134.8000030517578,130.52999877929688,134.17999267578125,151948100,134.17999267578125,56.722908264563046,133.71277472796365,-1,-1
2020-09-02,137.58999633789062,137.97999572753906,127.0,131.39999389648438,200119000,131.39999389648438,56.78608837331461,130.80470451045272,-1,-1
2020-09-03,126.91000366210938,128.83999633789062,120.5,120.87999725341797,257599600,120.87999725341797,56.78608837331461,121.32761010562014,-1,1
2020-09-04,120.06999969482422,123.69999694824219,110.88999938964844,120.95999908447266,332607200,120.95999908447266,56.78608837331461,119.31670086553831,-1,-1
2020-09-08,113.94999694824219,118.98999786376953,112.68000030517578,112.81999969482422,231366600,112.81999969482422,56.78608837331461,113.52274997575057,-1,1
2020-09-09,117.26000213623047,119.13999938964844,115.26000213623047,117.31999969482422,176940500,117.31999969482422,56.78608837331461,117.20860797408346,-1,-1
2020-09-10,120.36000061035156,120.5,112.5,113.48999786376953,182274400,113.48999786376953,56.78608837331461,113.60744773240707,-1,1
2020-09-11,114.56999969482422,115.2300033569336,110.0,112.0,180860300,112.0,56.78608837331461,111.8341674039402,-1,-1
2020-09-14,114.72000122070312,115.93000030517578,112.80000305175781,115.36000061035156,140150100,115.36000061035156,56.722908264563046,115.0399659403396,-1,-1
2020-09-15,118.33000183105469,118.83000183105469,113.61000061035156,115.54000091552734,184642000,115.54000091552734,56.78608837331461,115.38088407814575,-1,-1
2020-09-16,115.2300033569336,116.0,112.04000091552734,112.12999725341797,154679000,112.12999725341797,56.722908264563046,112.4013538790499,-1,1
2020-09-17,109.72000122070312,112.19999694824219,108.70999908447266,110.33999633789062,178011000,110.33999633789062,56.78608837331461,110.36863322574244,-1,1
2020-09-18,110.4000015258789,110.87999725341797,106.08999633789062,106.83999633789062,287104900,106.83999633789062,56.78608837331461,106.96659770726731,-1,1
2020-09-21,104.54000091552734,110.19000244140625,103.0999984741211,110.08000183105469,195713800,110.08000183105469,56.78608837331461,109.17201890073956,-1,-1
2020-09-22,112.68000030517578,112.86000061035156,109.16000366210938,111.80999755859375,183055400,111.80999755859375,56.78608837331461,111.40081093476806,-1,-1
2020-09-23,111.62000274658203,112.11000061035156,106.7699966430664,107.12000274658203,150718700,107.12000274658203,56.722908264563046,107.33826497339444,-1,1
2020-09-24,105.16999816894531,110.25,105.0,108.22000122070312,167743300,108.22000122070312,56.722908264563046,108.12672512942231,-1,-1
2020-09-25,108.43000030517578,112.44000244140625,107.66999816894531,112.27999877929688,149981400,112.27999877929688,56.722908264563046,111.74155372200312,-1,-1
2020-09-28,115.01000213623047,115.31999969482422,112.77999877929688,114.95999908447266,137672400,114.95999908447266,56.722908264563046,114.63902241568343,-1,-1
2020-09-29,114.55000305175781,115.30999755859375,113.56999969482422,114.08999633789062,99382200,114.08999633789062,57.08575190359449,114.18435900006915,-1,1
2020-09-30,113.79000091552734,117.26000213623047,113.62000274658203,115.80999755859375,142675200,115.80999755859375,56.722908264563046,115.78829031295483,-1,-1
2020-10-01,117.63999938964844,117.72000122070312,115.83000183105469,116.79000091552734,116120400,116.79000091552734,56.91046374358245,116.72786485042047,-1,-1
2020-10-02,112.88999938964844,115.37000274658203,112.22000122070312,113.0199966430664,144712000,113.0199966430664,56.722908264563046,113.238943620843,-1,1
2020-10-05,113.91000366210938,116.6500015258789,113.55000305175781,116.5,106243800,116.5,56.91046374358245,116.20894149727988,-1,-1
2020-10-06,115.69999694824219,116.12000274658203,112.25,113.16000366210938,161498200,113.16000366210938,56.722908264563046,113.1999947091616,-1,1
2020-10-07,114.62000274658203,115.55000305175781,114.12999725341797,115.08000183105469,96849000,115.08000183105469,57.08575190359449,115.07472243831656,-1,-1
2020-10-08,116.25,116.4000015258789,114.58999633789062,114.97000122070312,83477200,114.97000122070312,57.09751182943677,115.04674958887792,-1,1
2020-10-09,115.27999877929688,117.0,114.91999816894531,116.97000122070312,100506900,116.97000122070312,57.08575190359449,116.78319154005726,-1,-1
2020-10-12,120.05999755859375,125.18000030517578,119.27999877929688,124.4000015258789,240226800,124.4000015258789,56.78608837331461,123.88800612497035,-1,-1
2020-10-13,125.2699966430664,125.38999938964844,119.6500015258789,121.0999984741211,262330500,121.0999984741211,56.78608837331461,121.05850230605056,-1,-1
2020-10-14,121.0,123.02999877929688,119.62000274658203,121.19000244140625,150712000,121.19000244140625,56.722908264563046,121.1968072947183,-1,1
2020-10-15,118.72000122070312,121.19999694824219,118.1500015258789,120.70999908447266,112559200,120.70999908447266,56.91046374358245,120.4954078672295,-1,-1
2020-10-16,121.27999877929688,121.55000305175781,118.80999755859375,119.0199966430664,115393800,119.0199966430664,56.91046374358245,119.18363073174402,-1,1
2020-10-19,119.95999908447266,120.41999816894531,115.66000366210938,115.9800033569336,120639300,115.9800033569336,56.822748246489866,116.18859811932116,-1,1
2020-10-20,116.19999694824219,118.9800033569336,115.62999725341797,117.51000213623047,124423700,117.51000213623047,56.755623228687945,117.49558655981184,-1,-1
2020-10-21,116.66999816894531,118.70999908447266,116.44999694824219,116.87000274658203,89946000,116.87000274658203,57.09751182943677,117.11320576339462,-1,1
2020-10-22,117.44999694824219,118.04000091552734,114.58999633789062,115.75,101988000,115.75,57.08575190359449,115.72327850654086,-1,-1
2020-10-23,116.38999938964844,116.55000305175781,114.27999877929688,115.04000091552734,82572600,115.04000091552734,57.09751182943677,115.0374072177226,-1,-1
2020-10-26,114.01000213623047,116.55000305175781,112.87999725341797,115.05000305175781,111850700,115.05000305175781,56.91046374358245,114.94906201720406,-1,-1
2020-10-27,115.48999786376953,117.27999877929688,114.54000091552734,116.5999984741211,92276800,116.5999984741211,57.09751182943677,116.43372906772171,-1,-1
2020-10-28,115.05000305175781,115.43000030517578,111.0999984741211,111.19999694824219,143937800,111.19999694824219,56.722908264563046,111.4436386468851,-1,1
2020-10-29,112.37000274658203,116.93000030517578,112.19999694824219,115.31999969482422,146129200,115.31999969482422,56.722908264563046,115.19422918937681,-1,-1
2020-10-30,111.05999755859375,111.98999786376953,107.72000122070312,108.86000061035156,190272600,108.86000061035156,56.78608837331461,108.89980995464136,-1,1
2020-11-02,109.11000061035156,110.68000030517578,107.31999969482422,108.7699966430664,122866900,108.7699966430664,56.78346073402852,108.75102862914044,-1,-1
2020-11-03,109.66000366210938,111.48999786376953,108.7300033569336,110.44000244140625,107624400,110.44000244140625,56.91046374358245,110.36117588742508,-1,-1
2020-11-04,114.13999938964844,115.58999633789062,112.3499984741211,114.94999694824219,138235500,114.94999694824219,56.722908264563046,114.64305673189402,-1,-1
2020-11-05,117.94999694824219,119.62000274658203,116.87000274658203,119.02999877929688,126387100,119.02999877929688,56.755623228687945,118.83699135126582,-1,-1
2020-11-06,118.31999969482422,119.19999694824219,116.12999725341797,118.69000244140625,114457900,118.69000244140625,56.91046374358245,118.33848478454327,-1,-1
2020-11-09,120.5,121.98999786376953,116.05000305175781,116.31999969482422,154515300,116.31999969482422,56.722908264563046,116.6679934864566,-1,1
2020-11-10,115.55000305175781,117.58999633789062,114.12999725341797,115.97000122070312,138023400,115.97000122070312,56.722908264563046,115.90658607274487,-1,-1
2020-11-11,117.19000244140625,119.62999725341797,116.44000244140625,119.48999786376953,112295000,119.48999786376953,56.91046374358245,119.15484985472436,-1,-1
2020-11-12,119.62000274658203,120.52999877929688,118.56999969482422,119.20999908447266,103162300,119.20999908447266,57.08575190359449,119.29867775012669,-1,1
2020-11-13,119.44000244140625,119.66999816894531,117.87000274658203,119.26000213623047,81581900,119.26000213623047,57.09751182943677,119.09881466429542,-1,-1
2020-11-16,118.91999816894531,120.98999786376953,118.1500015258789,120.30000305175781,91183000,120.30000305175781,57.09751182943677,120.14110937654698,-1,-1
2020-11-17,119.55000305175781,120.66999816894531,118.95999908447266,119.38999938964844,74271000,119.38999938964844,57.09751182943677,119.53619746365433,-1,1
2020-11-18,118.61000061035156,119.81999969482422,118.0,118.02999877929688,76322100,118.02999877929688,57.09751182943677,118.28428574018218,-1,1
2020-11-19,117.58999633789062,119.05999755859375,116.80999755859375,118.63999938964844,74113000,118.63999938964844,57.09751182943677,118.48752422742793,-1,-1
2020-11-20,118.63999938964844,118.7699966430664,117.29000091552734,117.33999633789062,73604300,117.33999633789062,57.09751182943677,117.48679304139986,-1,1
2020-11-23,117.18000030517578,117.62000274658203,113.75,113.8499984741211,127959300,113.8499984741211,56.722908264563046,114.0851146700106,-1,1
2020-11-24,113.91000366210938,115.8499984741211,112.58999633789062,115.16999816894531,113874200,115.16999816894531,56.91046374358245,114.90629571017648,-1,-1
2020-11-25,115.55000305175781,116.75,115.16999816894531,116.02999877929688,76499200,116.02999877929688,57.09751182943677,116.07161931804653,-1,1
2020-11-27,116.56999969482422,117.48999786376953,116.22000122070312,116.58999633789062,46691300,116.58999633789062,57.09751182943677,116.71450389646868,-1,1
2020-11-30,116.97000122070312,120.97000122070312,116.80999755859375,119.05000305175781,169410200,119.05000305175781,56.722908264563046,119.08300489152124,-1,1
2020-12-01,121.01000213623047,123.47000122070312,120.01000213623047,122.72000122070312,127728200,122.72000122070312,56.722908264563046,122.48273534342424,-1,-1
2020-12-02,122.0199966430664,123.37000274658203,120.88999938964844,123.08000183105469,89004200,123.08000183105469,57.09751182943677,122.84165208731653,-1,-1
2020-12-03,123.5199966430664,123.77999877929688,122.20999908447266,122.94000244140625,78967600,122.94000244140625,57.09751182943677,122.93911237980116,-1,-1
2020-12-04,122.5999984741211,122.86000061035156,121.5199966430664,122.25,78260400,122.25,57.09751182943677,122.24191746764104,-1,-1
2020-12-07,122.30999755859375,124.56999969482422,122.25,123.75,86712000,123.75,57.09751182943677,123.75385211374936,-1,1
2020-12-08,124.37000274658203,124.9800033569336,123.08999633789062,124.37999725341797,82225500,124.37999725341797,57.09751182943677,124.28241342163646,-1,-1
2020-12-09,124.52999877929688,125.94999694824219,121.0,121.77999877929688,115089200,121.77999877929688,56.91046374358245,121.96663864157664,-1,1
2020-12-10,120.5,123.87000274658203,120.1500015258789,123.23999786376953,81312200,123.23999786376953,57.09751182943677,122.98699720396549,-1,-1
2020-12-11,122.43000030517578,122.76000213623047,120.55000305175781,122.41000366210938,86939800,122.41000366210938,57.09751182943677,122.15717159050483,-1,-1
2020-12-14,122.5999984741211,123.3499984741211,121.54000091552734,121.77999877929688,79184500,121.77999877929688,57.09751182943677,121.94684487044907,-1,1
2020-12-15,124.33999633789062,127.9000015258789,124.12999725341797,127.87999725341797,157243700,127.87999725341797,56.722908264563046,127.49934976059733,-1,-1
2020-12-16,127.41000366210938,128.3699951171875,126.55999755859375,127.80999755859375,98208600,127.80999755859375,57.08575190359449,127.75517985505307,-1,-1
2020-12-17,128.89999389648438,129.5800018310547,128.0399932861328,128.6999969482422,94359800,128.6999969482422,57.09751182943677,128.7583628334277,-1,1
2020-12-18,128.9600067138672,129.10000610351562,126.12000274658203,126.66000366210938,192541500,126.66000366210938,56.78608837331461,126.75762352248739,-1,1
2020-12-21,125.0199966430664,128.30999755859375,123.44999694824219,128.22999572753906,121251600,128.22999572753906,56.822748246489866,127.59900550351867,-1,-1
2020-12-22,131.61000061035156,134.41000366210938,129.64999389648438,131.8800048828125,168904800,131.8800048828125,56.722908264563046,131.8404668523521,-1,-1
2020-12-23,132.16000366210938,132.42999267578125,130.77999877929688,130.9600067138672,88223700,130.9600067138672,57.09751182943677,131.10500616221086,-1,1
2020-12-24,131.32000732421875,133.4600067138672,131.10000610351562,131.97000122070312,54930100,131.97000122070312,57.09751182943677,132.1203765942294,-1,1
2020-12-28,133.99000549316406,137.33999633789062,133.50999450683594,136.69000244140625,124486200,136.69000244140625,56.755623228687945,136.434378633614,-1,-1
2020-12-29,138.0500030517578,138.7899932861328,134.33999633789062,134.8699951171875,121047300,134.8699951171875,128.85539596557618,135.34611766294648,-1,1
2020-12-30,135.5800018310547,135.99000549316406,133.39999389648438,133.72000122070312,96452100,133.72000122070312,134.66179626464844,134.22497072893842,1,1
2020-12-31,134.0800018310547,134.74000549316406,131.72000122070312,132.69000244140625,99116600,132.69000244140625,135.24419860839845,132.878571248629,1,1
2021-01-04,133.52000427246094,133.61000061035156,126.76000213623047,129.41000366210938,143301900,129.41000366210938,131.17719940185546,127.94109094107326,1,-1
2021-01-05,128.88999938964844,131.74000549316406,128.42999267578125,131.00999450683594,97664900,131.00999450683594,131.26179901123047,131.37334283484137,1,1
2021-01-06,127.72000122070312,131.0500030517578,126.37999725341797,126.5999984741211,155088000,126.5999984741211,130.19419677734376,128.74817223106913,1,1
2021-01-07,128.36000061035156,131.6300048828125,127.86000061035156,130.9199981689453,109578200,130.9199981689453,131.74419708251952,131.18264421955266,1,1
2021-01-08,132.42999267578125,132.6300048828125,130.22999572753906,132.0500030517578,105158200,132.0500030517578,132.39800018310547,131.4188607651938,1,-1
2021-01-11,129.19000244140625,130.1699981689453,128.5,128.97999572753906,100384500,128.97999572753906,129.66379943847656,129.72856036559094,1,1
2021-01-12,128.5,129.69000244140625,126.86000061035156,128.8000030517578,91951100,128.8000030517578,126.89540283203125,128.63573598861734,-1,-1
2021-01-13,128.75999450683594,131.4499969482422,128.49000549316406,130.88999938964844,88636800,130.88999938964844,131.65919738769531,131.2974699182813,1,1
2021-01-14,130.8000030517578,131.0,128.75999450683594,128.91000366210938,90221800,128.91000366210938,132.3905987548828,129.4012147624529,1,1
2021-01-15,128.77999877929688,130.22000122070312,127.0,127.13999938964844,111598500,127.13999938964844,128.05759963989257,128.30916611424263,1,1
2021-01-19,127.77999877929688,128.7100067138672,126.94000244140625,127.83000183105469,90757300,127.83000183105469,128.3199984741211,128.26450984481585,1,1
2021-01-20,128.66000366210938,132.49000549316406,128.5500030517578,132.02999877929688,104319500,132.02999877929688,132.4509991455078,132.3353561476426,1,1
2021-01-21,133.8000030517578,139.6699981689453,133.58999633789062,136.8699951171875,120150900,136.8699951171875,132.63159545898438,138.430001349634,-1,1
2021-01-22,136.27999877929688,139.85000610351562,135.02000427246094,139.07000732421875,114459400,139.07000732421875,128.9941960144043,138.82995252193044,-1,-1
2021-01-25,143.07000732421875,145.08999633789062,136.5399932861328,142.9199981689453,157611700,142.9199981689453,127.38919601440429,140.04770636603496,-1,-1
2021-01-26,143.60000610351562,144.3000030517578,141.3699951171875,143.16000366210938,98390600,143.16000366210938,128.9941960144043,142.87031486520164,-1,-1
2021-01-27,143.42999267578125,144.3000030517578,140.41000366210938,142.05999755859375,140843800,142.05999755859375,128.4389958190918,141.91031269773003,-1,-1
2021-01-28,139.52000427246094,141.99000549316406,136.6999969482422,137.08999633789062,142621100,137.08999633789062,128.4389958190918,138.64288722892562,-1,1
2021-01-29,135.8300018310547,136.74000549316406,130.2100067138672,131.9600067138672,177523800,131.9600067138672,127.06319717407227,131.59853156823894,-1,-1
2021-02-01,133.75,135.3800048828125,130.92999267578125,134.13999938964844,106239800,134.13999938964844,133.08639770507813,133.32708085879742,-1,-1
2021-02-02,135.72999572753906,136.30999755859375,134.61000061035156,134.99000549316406,83305400,134.99000549316406,134.7857958984375,135.60088300016298,-1,1
2021-02-03,135.75999450683594,135.77000427246094,133.61000061035156,133.94000244140625,89880900,133.94000244140625,134.66179626464844,134.225046335035,1,1
2021-02-04,136.3000030517578,137.39999389648438,134.58999633789062,137.38999938964844,84183100,137.38999938964844,131.4145964050293,136.63390512493572,-1,-1
2021-02-05,137.35000610351562,137.4199981689453,135.86000061035156,136.75999450683594,75693800,136.75999450683594,131.4145964050293,136.73686266090107,-1,-1
2021-02-08,136.02999877929688,136.9600067138672,134.9199981689453,136.91000366210938,71297200,136.91000366210938,131.5601969909668,136.6348094870295,-1,-1
2021-02-09,136.6199951171875,137.8800048828125,135.85000610351562,136.00999450683594,76774200,136.00999450683594,129.1397966003418,137.15861503410605,-1,1
2021-02-10,136.47999572753906,136.99000549316406,134.39999389648438,135.38999938964844,73046600,135.38999938964844,131.27579635620117,135.51270002801022,-1,1
2021-02-11,135.89999389648438,136.38999938964844,133.77000427246094,135.1300048828125,64280000,135.1300048828125,131.42139694213867,134.99018843791387,-1,-1
2021-02-12,134.35000610351562,135.52999877929688,133.69000244140625,135.3699951171875,60145100,135.3699951171875,135.02579650878906,135.45391138287908,-1,1
2021-02-16,135.49000549316406,136.00999450683594,132.7899932861328,133.19000244140625,80576300,133.19000244140625,134.8437969970703,133.67793074462656,1,1
2021-02-17,131.25,132.22000122070312,129.47000122070312,130.83999633789062,97918500,130.83999633789062,131.94040252685548,130.94356685841726,1,1
2021-02-18,129.1999969482422,130.0,127.41000366210938,129.7100067138672,96856700,129.7100067138672,129.70799926757812,129.08836167300873,-1,-1
2021-02-19,130.24000549316406,130.7100067138672,128.8000030517578,129.8699951171875,87668800,129.8699951171875,132.07439849853515,129.91748451375705,1,1
2021-02-22,128.00999450683594,129.72000122070312,125.5999984741211,126.0,103916400,126.0,125.72074996948243,127.10832608714418,-1,1
2021-02-23,123.76000213623047,126.70999908447266,118.38999938964844,125.86000061035156,158273000,125.86000061035156,122.79089950561523,122.72834404867235,-1,-1
2021-02-24,124.94000244140625,125.55999755859375,122.2300033569336,125.3499984741211,111039900,125.3499984741211,126.69889923095702,124.01489670407562,1,-1
2021-02-25,124.68000030517578,126.45999908447266,120.54000091552734,120.98999786376953,148199500,120.98999786376953,121.14859924316406,121.99661238586222,1,1
2021-02-26,122.58999633789062,124.8499984741211,121.19999694824219,121.26000213623047,164560400,121.26000213623047,122.43409927368164,122.9087239893262,1,1
2021-03-01,123.75,127.93000030517578,122.79000091552734,127.79000091552734,116307900,127.79000091552734,128.00105072021483,127.20033543398098,1,-1
2021-03-02,128.41000366210938,128.72000122070312,125.01000213623047,125.12000274658203,102260900,125.12000274658203,125.47710021972657,125.61896190976884,1,1
2021-03-03,124.80999755859375,125.70999908447266,121.83999633789062,122.05999755859375,112966300,122.05999755859375,124.39889846801758,122.8072716954041,1,1
2021-03-04,121.75,123.5999984741211,118.62000274658203,120.12999725341797,178155000,120.12999725341797,119.51875045776367,120.49441864026464,-1,1
2021-03-05,120.9800033569336,121.94000244140625,117.56999969482422,121.41999816894531,153766600,121.41999816894531,120.35780029296875,119.72066231493501,-1,-1
2021-03-08,120.93000030517578,121.0,116.20999908447266,116.36000061035156,154376600,116.36000061035156,116.51620132446288,116.59571221606693,1,1
2021-03-09,119.02999877929688,122.05999755859375,118.79000091552734,121.08999633789062,129525800,121.08999633789062,120.42009979248047,121.69895450299116,-1,1
2021-03-10,121.69000244140625,122.16999816894531,119.44999694824219,119.9800033569336,111943300,119.9800033569336,119.89900009155274,120.31325776259945,-1,1
2021-03-11,122.54000091552734,123.20999908447266,121.26000213623047,121.95999908447266,103026500,121.95999908447266,125.64019836425781,122.33391667199969,1,1
2021-03-12,120.4000015258789,121.16999816894531,119.16000366210938,121.02999877929688,88105100,121.02999877929688,119.50719985961913,120.66826504712553,-1,-1
2021-03-15,121.41000366210938,124.0,120.41999816894531,123.98999786376953,92403800,123.98999786376953,122.91155151367188,123.48994051727927,-1,-1
2021-03-16,125.69999694824219,127.22000122070312,124.72000122070312,125.56999969482422,115227900,125.56999969482422,127.15955093383789,126.3305083552387,1,1
2021-03-17,124.05000305175781,125.86000061035156,122.33999633789062,124.76000213623047,111932600,124.76000213623047,126.09449798583984,124.58265413548858,1,-1
2021-03-18,122.87999725341797,123.18000030517578,120.31999969482422,120.52999877929688,121229700,120.52999877929688,121.16339996337891,120.9687800982419,1,1
2021-03-19,119.9000015258789,121.43000030517578,119.68000030517578,119.98999786376953,185549500,119.98999786376953,119.90859985351562,121.11672463546053,-1,1
2021-03-22,120.33000183105469,123.87000274658203,120.26000213623047,123.38999938964844,111912300,123.38999938964844,122.7014028930664,123.7356673217997,-1,1
2021-03-23,123.33000183105469,124.23999786376953,122.13999938964844,122.54000091552734,95467100,122.54000091552734,123.31099884033203,123.25418296850196,1,1
2021-03-24,122.81999969482422,122.9000015258789,120.06999969482422,120.08999633789062,88530500,120.08999633789062,120.9518000793457,120.53293355534899,1,1
2021-03-25,119.54000091552734,121.66000366210938,119.0,120.58999633789062,98844700,120.58999633789062,118.25019989013671,121.17509422975111,-1,1
2021-03-26,120.3499984741211,121.4800033569336,118.91999816894531,121.20999908447266,94071200,121.20999908447266,118.96059967041016,120.75121168176572,-1,-1
2021-03-29,121.6500015258789,122.58000183105469,120.7300033569336,121.38999938964844,80819200,121.38999938964844,121.99959976196288,121.94848909116585,1,1
2021-03-30,120.11000061035156,120.4000015258789,118.86000061035156,119.9000015258789,85671900,119.9000015258789,118.6172004699707,119.83342471737099,-1,-1
2021-03-31,121.6500015258789,123.5199966430664,121.1500015258789,122.1500015258789,118323800,122.1500015258789,123.18640060424805,123.00366344436637,1,1
2021-04-01,123.66000366210938,124.18000030517578,122.48999786376953,123.0,75089100,123.0,122.6729997253418,123.43507985258218,-1,1
2021-04-05,123.87000274658203,126.16000366210938,123.06999969482422,125.9000015258789,88651200,125.9000015258789,125.84299865722656,125.75465979700834,-1,-1
2021-04-06,126.5,127.12999725341797,125.6500015258789,126.20999908447266,80171300,126.20999908447266,125.70230178833008,126.69872041023793,-1,1
2021-04-07,125.83000183105469,127.91999816894531,125.13999938964844,127.9000015258789,83466700,127.9000015258789,128.5497996520996,127.70841057611516,1,-1
2021-04-08,128.9499969482422,130.38999938964844,128.52000427246094,130.36000061035156,88844600,130.36000061035156,131.55299743652344,130.45920797515788,1,1
2021-04-09,129.8000030517578,133.0399932861328,129.47000122070312,133.0,106686700,133.0,132.77580139160156,132.94655538309178,-1,-1
2021-04-12,132.52000427246094,132.85000610351562,130.6300048828125,131.24000549316406,91420000,131.24000549316406,131.14660079956056,131.50811956066292,-1,1
2021-04-13,132.44000244140625,134.66000366210938,131.92999267578125,134.42999267578125,91266500,134.42999267578125,134.82779846191406,134.52069620026606,1,1
2021-04-14,134.94000244140625,135.0,131.66000366210938,132.02999877929688,87222800,132.02999877929688,135.42619934082032,132.25735116174968,1,1
2021-04-15,133.82000732421875,135.0,133.63999938964844,134.5,89347100,134.5,134.8437969970703,135.14967697331696,1,1
2021-04-16,134.3000030517578,134.6699981689453,133.27999877929688,134.16000366210938,84922400,134.16000366210938,135.09859802246095,134.32000348630544,1,1
2021-04-19,133.50999450683594,135.47000122070312,133.33999633789062,134.83999633789062,94264200,134.83999633789062,134.4069952392578,135.48119281458796,-1,1
2021-04-20,135.02000427246094,135.52999877929688,131.80999755859375,133.11000061035156,94812300,133.11000061035156,134.98939758300781,132.95999969531871,1,-1
2021-04-21,132.36000061035156,133.75,131.3000030517578,133.5,68847100,133.5,135.95600189208983,133.31914952770086,1,-1
2021-04-22,133.0399932861328,134.14999389648438,131.41000366210938,131.94000244140625,84566500,131.94000244140625,134.9833999633789,132.7001410643906,1,1
2021-04-23,132.16000366210938,135.1199951171875,132.16000366210938,134.32000732421875,78657500,134.32000732421875,135.26460021972656,135.06476068618693,1,1
2021-04-26,134.8300018310547,135.05999755859375,133.55999755859375,134.72000122070312,66905100,134.72000122070312,135.2805975341797,134.60975840047635,1,-1
2021-04-27,135.00999450683594,135.41000366210938,134.11000061035156,134.38999938964844,66015800,134.38999938964844,135.02579650878906,134.98064954488748,1,1
2021-04-28,134.30999755859375,135.02000427246094,133.0800018310547,133.5800018310547,107760100,133.5800018310547,134.91659729003905,134.16502060356538,1,1
2021-04-29,136.47000122070312,137.07000732421875,132.4499969482422,133.47999572753906,151101000,133.47999572753906,130.6477958679199,133.5179927897144,-1,1
2021-04-30,131.77999877929688,133.55999755859375,131.07000732421875,131.4600067138672,109839500,131.4600067138672,133.7048013305664,132.71136726860684,1,1
2021-05-03,132.0399932861328,134.07000732421875,131.8300018310547,132.5399932861328,75135100,132.5399932861328,135.48620147705077,133.74322963150905,1,1
2021-05-04,131.19000244140625,131.49000549316406,126.69999694824219,127.8499984741211,137564700,127.8499984741211,130.8109994506836,127.60050302021077,1,-1
2021-05-05,129.1999969482422,130.4499969482422,127.97000122070312,128.10000610351562,84000900,128.10000610351562,129.52940002441406,129.2060240052894,1,1
2021-05-06,127.88999938964844,129.75,127.12999725341797,129.74000549316406,78128300,129.74000549316406,129.9087985229492,129.5313358783266,1,-1
2021-05-07,130.85000610351562,131.25999450683594,129.47999572753906,130.2100067138672,78973300,130.2100067138672,132.37860076904298,130.46052765527529,1,1
2021-05-10,129.41000366210938,129.5399932861328,126.80999755859375,126.8499984741211,88071200,126.8499984741211,127.45560073852539,127.3439900448212,1,1
2021-05-11,123.5,126.2699966430664,122.7699966430664,125.91000366210938,126142800,125.91000366210938,126.23489837646484,125.81227512151031,1,-1
2021-05-12,123.4000015258789,124.63999938964844,122.25,122.7699966430664,112172300,122.7699966430664,123.34044845581055,123.5819265598916,1,1
2021-05-13,124.58000183105469,126.1500015258789,124.26000213623047,124.97000122070312,105861300,124.97000122070312,127.55819885253906,125.87977266958917,1,1
2021-05-14,126.25,127.88999938964844,125.8499984741211,127.44999694824219,81918000,127.44999694824219,127.99834930419922,127.80865521307933,1,1
2021-05-17,126.81999969482422,126.93000030517578,125.16999816894531,126.2699966430664,74244600,126.2699966430664,125.50345184326171,126.07888586370842,-1,-1
2021-05-18,126.55999755859375,126.98999786376953,124.77999877929688,124.8499984741211,63342900,124.8499984741211,125.79195175170898,125.51700438640006,1,1
2021-05-19,123.16000366210938,124.91999816894531,122.86000061035156,124.69000244140625,92612000,124.69000244140625,125.99709823608399,124.94841358269814,1,1
2021-05-20,125.2300033569336,127.72000122070312,125.0999984741211,127.30999755859375,76857100,127.30999755859375,128.59839965820314,127.72914319738773,1,1
2021-05-21,127.81999969482422,128.0,125.20999908447266,125.43000030517578,79295400,125.43000030517578,126.10055068969727,125.82408849541054,1,1
2021-05-24,126.01000213623047,127.94000244140625,125.94000244140625,127.0999984741211,63092900,127.0999984741211,128.59019958496094,127.9286076194175,1,1
2021-05-25,127.81999969482422,128.32000732421875,126.31999969482422,126.9000015258789,72009500,126.9000015258789,128.23039840698243,127.28086054516135,1,1
2021-05-26,126.95999908447266,127.38999938964844,126.41999816894531,126.8499984741211,56575900,126.8499984741211,127.57514984130859,127.33853638864666,1,1
2021-05-27,126.44000244140625,127.63999938964844,125.08000183105469,125.27999877929688,94625600,125.27999877929688,125.58705184936524,126.2913987684488,1,1
2021-05-28,125.56999969482422,125.80000305175781,124.55000305175781,124.61000061035156,71311100,124.61000061035156,128.28414764404297,125.20635136425865,1,1
2021-06-01,125.08000183105469,125.3499984741211,123.94000244140625,124.27999877929688,67637100,124.27999877929688,125.02184982299805,124.70284613392661,1,1
2021-06-02,124.27999877929688,125.23999786376953,124.05000305175781,125.05999755859375,59278900,125.05999755859375,127.29029922485351,125.44896825234152,1,1
2021-06-03,124.68000030517578,124.8499984741211,123.12999725341797,123.54000091552734,76229200,123.54000091552734,123.1934992980957,123.83871452828629,-1,1
2021-06-04,124.06999969482422,126.16000366210938,123.8499984741211,125.88999938964844,75169300,125.88999938964844,127.13369934082031,126.19717565155797,1,1
2021-06-07,126.16999816894531,126.31999969482422,124.83000183105469,125.9000015258789,71057600,125.9000015258789,126.98754959106445,125.76320534987896,1,-1
2021-06-08,126.5999984741211,128.4600067138672,126.20999908447266,126.73999786376953,74403800,126.73999786376953,127.81314895629883,127.93845021509176,1,1
2021-06-09,127.20999908447266,127.75,126.5199966430664,127.12999725341797,56877900,127.12999725341797,127.95224929809571,127.55125461706581,1,1
2021-06-10,127.0199966430664,128.19000244140625,125.94000244140625,126.11000061035156,71186400,126.11000061035156,125.81655059814453,127.14529488858432,-1,1
2021-06-11,126.52999877929688,127.44000244140625,126.0999984741211,127.3499984741211,53522400,127.3499984741211,127.5888996887207,127.55253135755865,1,1
2021-06-14,127.81999969482422,130.5399932861328,127.06999969482422,130.47999572753906,96906500,130.47999572753906,132.10379577636718,130.19771499892482,1,-1
2021-06-15,129.94000244140625,130.60000610351562,129.38999938964844,129.63999938964844,62746300,129.63999938964844,132.03039947509765,130.38585411490234,1,1
2021-06-16,130.3699951171875,130.88999938964844,128.4600067138672,130.14999389648438,91815000,130.14999389648438,131.85959915161132,129.78608271674423,1,-1
2021-06-17,129.8000030517578,132.5500030517578,129.64999389648438,131.7899932861328,96721700,131.7899932861328,132.14740234375,132.41348186902937,1,1
2021-06-18,130.7100067138672,131.50999450683594,130.24000549316406,130.4600067138672,108953300,130.4600067138672,132.42780029296875,131.30158818756757,1,1
2021-06-21,130.3000030517578,132.41000366210938,129.2100067138672,132.3000030517578,79663300,132.3000030517578,133.00540283203125,131.89968511348488,1,-1
2021-06-22,132.1300048828125,134.0800018310547,131.6199951171875,133.97999572753906,74783600,133.97999572753906,135.4498013305664,134.01965049216565,1,1
2021-06-23,133.77000427246094,134.32000732421875,133.22999572753906,133.6999969482422,60214200,133.6999969482422,135.52659881591796,134.2571724807858,1,1
2021-06-24,134.4499969482422,134.63999938964844,132.92999267578125,133.41000366210938,68711000,133.41000366210938,135.53539855957033,133.71987840237446,1,1
2021-06-25,133.4600067138672,133.88999938964844,132.80999755859375,133.11000061035156,70783700,133.11000061035156,135.59939910888673,133.70770723206442,1,1
2021-06-28,133.41000366210938,135.25,133.35000610351562,134.77999877929688,62111300,134.77999877929688,135.2805975341797,135.41327524581416,1,1
2021-06-29,134.8000030517578,136.49000549316406,134.35000610351562,136.3300018310547,64556100,136.3300018310547,135.23399658203124,136.5004120493544,-1,1
2021-06-30,136.1699981689453,137.41000366210938,135.8699951171875,136.9600067138672,63261400,136.9600067138672,131.5601969909668,137.49716054309002,-1,1
2021-07-01,136.60000610351562,137.3300018310547,135.75999450683594,137.27000427246094,52485800,137.27000427246094,131.5601969909668,137.22705343205226,-1,-1
2021-07-02,137.89999389648438,140.0,137.75,139.9600067138672,78852600,139.9600067138672,129.1397966003418,140.2245154650303,-1,1
2021-07-06,140.07000732421875,143.14999389648438,140.07000732421875,142.02000427246094,108181800,142.02000427246094,128.9941960144043,143.0017888790362,-1,1
2021-07-07,143.5399932861328,144.88999938964844,142.66000366210938,144.57000732421875,104911600,144.57000732421875,128.9941960144043,144.61574531542394,-1,1
2021-07-08,141.5800018310547,144.05999755859375,140.6699981689453,143.24000549316406,105575500,143.24000549316406,128.9941960144043,143.44457349905403,-1,1
2021-07-09,142.75,145.64999389648438,142.64999389648438,145.11000061035156,99890800,145.11000061035156,128.9941960144043,145.6611541134839,-1,1
2021-07-12,146.2100067138672,146.32000732421875,144.0,144.5,76299700,144.5,129.1397966003418,144.772218952615,-1,1
2021-07-13,144.02999877929688,147.4600067138672,143.6300048828125,145.63999938964844,100827100,145.63999938964844,128.9941960144043,146.77100962187478,-1,1
2021-07-14,148.10000610351562,149.57000732421875,147.67999267578125,149.14999389648438,127050800,149.14999389648438,128.9941960144043,149.59512101617176,-1,1
2021-07-15,149.24000549316406,150.0,147.08999633789062,148.47999572753906,106820300,148.47999572753906,128.9941960144043,148.5191975704426,-1,1
2021-07-16,148.4600067138672,149.75999450683594,145.8800048828125,146.38999938964844,93251400,146.38999938964844,128.9941960144043,147.289428878319,-1,1
2021-07-19,143.75,144.07000732421875,141.6699981689453,142.4499969482422,121434600,142.4499969482422,128.9941960144043,142.63587661021722,-1,1
2021-07-20,143.4600067138672,147.10000610351562,142.9600067138672,146.14999389648438,96350000,146.14999389648438,128.9941960144043,146.59689296511567,-1,1
2021-07-21,145.52999877929688,146.1300048828125,144.6300048828125,145.39999389648438,74993500,145.39999389648438,129.1397966003418,145.81696344343865,-1,1
2021-07-22,145.94000244140625,148.1999969482422,145.80999755859375,146.8000030517578,77338200,146.8000030517578,129.1397966003418,148.00696814201697,-1,1
2021-07-23,147.5500030517578,148.72000122070312,146.9199981689453,148.55999755859375,71447400,148.55999755859375,129.21259689331055,148.72515342748176,-1,1
2021-07-26,148.27000427246094,149.8300018310547,147.6999969482422,148.99000549316406,72434100,148.99000549316406,129.1397966003418,149.60699297527805,-1,1
2021-07-27,149.1199951171875,149.2100067138672,145.5500030517578,146.77000427246094,104818600,146.77000427246094,128.9941960144043,146.49154468646796,-1,-1
2021-07-28,144.80999755859375,146.97000122070312,142.5399932861328,144.97999572753906,118931200,144.97999572753906,128.9941960144043,145.045263505717,-1,1
2021-07-29,144.69000244140625,146.5500030517578,144.5800018310547,145.63999938964844,56699500,145.63999938964844,129.21259689331055,146.58210668611946,-1,1
2021-07-30,144.3800048828125,146.3300018310547,144.11000061035156,145.86000061035156,70440600,145.86000061035156,129.21259689331055,146.3768363801156,-1,1
2021-08-02,146.36000061035156,146.9499969482422,145.25,145.52000427246094,62880000,145.52000427246094,129.21259689331055,146.26237556054795,-1,1
2021-08-03,145.80999755859375,148.0399932861328,145.17999267578125,147.36000061035156,64786600,147.36000061035156,129.21259689331055,147.7301921404833,-1,1
2021-08-04,147.27000427246094,147.7899932861328,146.27999877929688,146.9499969482422,56368300,146.9499969482422,129.21259689331055,147.3973147873817,-1,1
2021-08-05,146.97999572753906,147.83999633789062,146.1699981689453,147.05999755859375,46397700,147.05999755859375,129.21259689331055,147.55292702154426,-1,1
2021-08-06,146.35000610351562,147.11000061035156,145.6300048828125,146.13999938964844,54126800,146.13999938964844,129.21259689331055,146.8337608908534,-1,1
2021-08-09,146.1999969482422,146.6999969482422,145.52000427246094,146.08999633789062,48908700,146.08999633789062,129.21259689331055,146.6048657796763,-1,1
2021-08-10,146.44000244140625,147.7100067138672,145.3000030517578,145.60000610351562,69023100,145.60000610351562,129.21259689331055,146.68835831702867,-1,1
2021-08-11,146.0500030517578,146.72000122070312,145.52999877929688,145.86000061035156,48493500,145.86000061035156,129.21259689331055,146.6349301333133,-1,1
2021-08-12,146.19000244140625,149.0500030517578,145.83999633789062,148.88999938964844,72282600,148.88999938964844,129.1397966003418,149.03207408147483,-1,1
2021-08-13,148.97000122070312,149.44000244140625,148.27000427246094,149.10000610351562,59375000,149.10000610351562,129.21259689331055,149.4342750390519,-1,1
2021-08-16,148.5399932861328,151.19000244140625,146.47000122070312,151.1199951171875,103296000,151.1199951171875,128.9941960144043,149.99817288865233,-1,-1
2021-08-17,150.22999572753906,151.67999267578125,149.08999633789062,150.19000244140625,92229700,150.19000244140625,128.9941960144043,150.85296038712377,-1,1
2021-08-18,149.8000030517578,150.72000122070312,146.14999389648438,146.36000061035156,86326000,146.36000061035156,129.1397966003418,147.21032188105366,-1,1
2021-08-19,145.02999877929688,148.0,144.5,146.6999969482422,86960300,146.6999969482422,129.1397966003418,147.45510375970932,-1,1
2021-08-20,147.44000244140625,148.5,146.77999877929688,148.19000244140625,60549600,148.19000244140625,129.21259689331055,148.44962674561822,-1,1
2021-08-23,148.30999755859375,150.19000244140625,147.88999938964844,149.7100067138672,60131800,149.7100067138672,129.21259689331055,150.15437935628813,-1,1
2021-08-24,149.4499969482422,150.86000061035156,149.14999389648438,149.6199951171875,48606400,149.6199951171875,129.21259689331055,150.72786768287133,-1,1
2021-08-25,149.80999755859375,150.32000732421875,147.8000030517578,148.36000061035156,58991300,148.36000061035156,129.21259689331055,148.83750740616452,-1,1
2021-08-26,148.35000610351562,149.1199951171875,147.50999450683594,147.5399932861328,48597200,147.5399932861328,129.21259689331055,148.56519971822075,-1,1
2021-08-27,147.47999572753906,148.75,146.8300018310547,148.60000610351562,55802400,148.60000610351562,129.21259689331055,148.73342373808367,-1,1
2021-08-30,149.0,153.49000549316406,148.61000061035156,153.1199951171875,90956700,153.1199951171875,128.9941960144043,153.17362872880585,-1,1
2021-08-31,152.66000366210938,152.8000030517578,151.2899932861328,151.8300018310547,86453100,151.8300018310547,129.1397966003418,152.1600278397006,-1,1
2021-09-01,152.8300018310547,154.97999572753906,152.33999633789062,152.50999450683594,80313700,152.50999450683594,129.1397966003418,154.22070871585981,-1,1
2021-09-02,153.8699951171875,154.72000122070312,152.39999389648438,153.64999389648438,71115500,153.64999389648438,129.21259689331055,153.89164155789473,-1,1
2021-09-03,153.75999450683594,154.6300048828125,153.08999633789062,154.3000030517578,57808700,154.3000030517578,129.21259689331055,154.61965101656762,-1,1
2021-09-07,154.97000122070312,157.25999450683594,154.38999938964844,156.69000244140625,82278300,156.69000244140625,129.1397966003418,157.0535870684712,-1,1
2021-09-08,156.97999572753906,157.0399932861328,153.97999572753906,155.11000061035156,74420200,155.11000061035156,129.1397966003418,154.9440287329565,-1,-1
2021-09-09,155.49000549316406,156.11000061035156,153.9499969482422,154.07000732421875,57305700,154.07000732421875,129.21259689331055,154.95096656745588,-1,1
2021-09-10,155.0,155.47999572753906,148.6999969482422,148.97000122070312,140893200,148.97000122070312,128.4389958190918,149.42853421467223,-1,1
2021-09-13,150.6300048828125,151.4199981689453,148.75,149.5500030517578,102404300,149.5500030517578,128.9941960144043,150.02112066353095,-1,1
2021-09-14,150.35000610351562,151.07000732421875,146.91000366210938,148.1199951171875,109296300,148.1199951171875,128.9941960144043,148.20051364308793,-1,1
2021-09-15,148.55999755859375,149.44000244140625,146.3699951171875,149.02999877929688,83281300,149.02999877929688,129.1397966003418,148.28154200311843,-1,-1
2021-09-16,148.44000244140625,148.97000122070312,147.22000122070312,148.7899932861328,68034100,148.7899932861328,129.21259689331055,148.63165583738686,-1,-1
2021-09-17,148.82000732421875,148.82000732421875,145.75999450683594,146.05999755859375,129868800,146.05999755859375,128.9941960144043,146.36878878947113,-1,1
2021-09-20,143.8000030517578,144.83999633789062,141.27000427246094,142.94000244140625,123478900,142.94000244140625,128.9941960144043,142.89716304445548,-1,-1
2021-09-21,143.92999267578125,144.60000610351562,142.77999877929688,143.42999267578125,75834000,143.42999267578125,129.1397966003418,143.94578876666858,-1,1
2021-09-22,144.4499969482422,146.42999267578125,143.6999969482422,145.85000610351562,76404300,145.85000610351562,129.1397966003418,146.09104067618875,-1,1
2021-09-23,146.64999389648438,147.0800018310547,145.63999938964844,146.8300018310547,64838200,146.8300018310547,129.21259689331055,146.87479101445393,-1,1
2021-09-24,145.66000366210938,147.47000122070312,145.55999755859375,146.9199981689453,53477900,146.9199981689453,129.21259689331055,147.63933700933322,-1,1
2021-09-27,145.47000122070312,145.9600067138672,143.82000732421875,145.3699951171875,74150700,145.3699951171875,129.1397966003418,145.16807038780277,-1,-1
2021-09-28,143.25,144.75,141.69000244140625,141.91000366210938,108972300,141.91000366210938,128.9941960144043,143.13511932884862,-1,1
2021-09-29,142.47000122070312,144.4499969482422,142.02999877929688,142.8300018310547,74602000,142.8300018310547,129.1397966003418,143.98237196837746,-1,1
2021-09-30,143.66000366210938,144.3800048828125,141.27999877929688,141.5,89056700,141.5,129.1397966003418,142.26827430360566,-1,1
2021-10-01,141.89999389648438,142.9199981689453,139.11000061035156,142.64999389648438,94639600,142.64999389648438,128.9941960144043,141.32610399995554,-1,-1
2021-10-04,141.75999450683594,142.2100067138672,138.27000427246094,139.13999938964844,98322000,139.13999938964844,128.9941960144043,139.26245835725993,-1,1
2021-10-05,139.49000549316406,142.24000549316406,139.36000061035156,141.11000061035156,80861100,141.11000061035156,129.1397966003418,142.04273918624094,-1,1
2021-10-06,139.47000122070312,142.14999389648438,138.3699951171875,142.0,83221100,142.0,129.1397966003418,141.58703997887778,-1,-1
2021-10-07,143.05999755859375,144.22000122070312,142.72000122070312,143.2899932861328,61732700,143.2899932861328,129.21259689331055,144.1622270448419,-1,1
2021-10-08,144.02999877929688,144.17999267578125,142.55999755859375,142.89999389648438,58773200,142.89999389648438,129.21259689331055,143.32983799573645,-1,1
2021-10-11,142.27000427246094,144.80999755859375,141.80999755859375,142.80999755859375,64452200,142.80999755859375,129.21259689331055,144.13126931499266,-1,1
2021-10-12,143.22999572753906,143.25,141.0399932861328,141.50999450683594,73035900,141.50999450683594,129.1397966003418,141.74150020290915,-1,1
2021-10-13,141.24000549316406,141.39999389648438,139.1999969482422,140.91000366210938,78762700,140.91000366210938,129.1397966003418,140.38319707525096,-1,-1
2021-10-14,142.11000061035156,143.8800048828125,141.50999450683594,143.75999450683594,69907100,143.75999450683594,129.21259689331055,143.8179312869363,-1,1
2021-10-15,143.77000427246094,144.89999389648438,143.50999450683594,144.83999633789062,67940300,144.83999633789062,129.21259689331055,145.1925361332145,-1,1
2021-10-18,143.4499969482422,146.83999633789062,143.16000366210938,146.5500030517578,85589200,146.5500030517578,129.1397966003418,146.7393165650357,-1,1
2021-10-19,147.00999450683594,149.1699981689453,146.5500030517578,148.75999450683594,76378900,148.75999450683594,129.1397966003418,149.08398729249,-1,1
2021-10-20,148.6999969482422,149.75,148.1199951171875,149.25999450683594,58418800,149.25999450683594,129.21259689331055,149.70519362895874,-1,1
2021-10-21,148.80999755859375,149.63999938964844,147.8699951171875,149.47999572753906,61421000,149.47999572753906,129.21259689331055,149.4735777296438,-1,-1
2021-10-22,149.69000244140625,150.17999267578125,148.63999938964844,148.69000244140625,58883400,148.69000244140625,129.21259689331055,149.54447335930396,-1,1
2021-10-25,148.67999267578125,149.3699951171875,147.6199951171875,148.63999938964844,50720600,148.63999938964844,129.21259689331055,148.94868824019935,-1,1
2021-10-26,149.3300018310547,150.83999633789062,149.00999450683594,149.32000732421875,60893400,149.32000732421875,129.21259689331055,150.5857550786443,-1,1
2021-10-27,149.36000061035156,149.72999572753906,148.49000549316406,148.85000610351562,56094900,148.85000610351562,129.21259689331055,149.43932844485806,-1,1
2021-10-28,149.82000732421875,153.1699981689453,149.72000122070312,152.57000732421875,100077900,152.57000732421875,128.9941960144043,153.13557189760866,-1,1
2021-10-29,147.22000122070312,149.94000244140625,146.41000366210938,149.8000030517578,124953200,149.8000030517578,128.9941960144043,149.61217311425574,-1,-1
2021-11-01,148.99000549316406,149.6999969482422,147.8000030517578,148.9600067138672,74588300,148.9600067138672,129.1397966003418,149.17688188676894,-1,1
2021-11-02,148.66000366210938,151.57000732421875,148.64999389648438,150.02000427246094,69122000,150.02000427246094,129.21259689331055,151.34370169726853,-1,1
2021-11-03,150.38999938964844,151.97000122070312,149.82000732421875,151.49000549316406,54511500,151.49000549316406,129.21259689331055,151.8756745208155,-1,1
2021-11-04,151.5800018310547,152.42999267578125,150.63999938964844,150.9600067138672,60394600,150.9600067138672,129.21259689331055,151.84207313242783,-1,1
2021-11-05,151.88999938964844,152.1999969482422,150.05999755859375,151.27999877929688,65463900,151.27999877929688,129.21259689331055,151.2238589908576,-1,-1
2021-11-08,151.41000366210938,151.57000732421875,150.16000366210938,150.44000244140625,55020900,150.44000244140625,129.21259689331055,150.9604198275426,-1,1
2021-11-09,150.1999969482422,151.42999267578125,150.05999755859375,150.80999755859375,56787900,150.80999755859375,129.21259689331055,151.64250668129677,-1,1
2021-11-10,150.02000427246094,150.1300048828125,147.85000610351562,147.9199981689453,65187100,147.9199981689453,129.21259689331055,148.50164757847938,-1,1
2021-11-11,148.9600067138672,149.42999267578125,147.67999267578125,147.8699951171875,41000000,147.8699951171875,129.21259689331055,148.6082483605732,-1,1
2021-11-12,148.42999267578125,150.39999389648438,147.47999572753906,149.99000549316406,63804000,149.99000549316406,129.21259689331055,149.99482662785795,-1,1
2021-11-15,150.3699951171875,151.8800048828125,149.42999267578125,150.0,59222800,150.0,129.21259689331055,151.06648911038468,-1,1
2021-11-16,149.94000244140625,151.49000549316406,149.33999633789062,151.0,59256200,151.0,129.21259689331055,151.37184604924113,-1,1
2021-11-17,151.0,155.0,150.99000549316406,153.49000549316406,88807000,153.49000549316406,129.1397966003418,154.65374759495973,-1,1
2021-11-18,153.7100067138672,158.6699981689453,153.0500030517578,157.8699951171875,137827700,157.8699951171875,128.9941960144043,157.97103526700386,-1,1
2021-11-19,157.64999389648438,161.02000427246094,156.52999877929688,160.5500030517578,117305600,160.5500030517578,128.9941960144043,160.32559761754652,-1,-1
2021-11-22,161.67999267578125,165.6999969482422,161.0,161.02000427246094,117467900,161.02000427246094,128.9941960144043,163.86889878807742,-1,1
2021-11-23,161.1199951171875,161.8000030517578,159.05999755859375,161.41000366210938,96041900,161.41000366210938,128.9941960144043,160.82260729569938,-1,-1
2021-11-24,160.75,162.13999938964844,159.63999938964844,161.94000244140625,69463600,161.94000244140625,129.21259689331055,161.81914144658344,-1,-1
2021-11-26,159.57000732421875,160.4499969482422,156.36000061035156,156.80999755859375,76959800,156.80999755859375,129.1397966003418,157.54515117698656,-1,1
2021-11-29,159.3699951171875,161.19000244140625,158.7899932861328,160.24000549316406,88748200,160.24000549316406,129.1397966003418,160.93800239586216,-1,1
2021-11-30,159.99000549316406,165.52000427246094,159.9199981689453,165.3000030517578,174048100,165.3000030517578,127.38039627075196,165.38547631109054,-1,1
2021-12-01,167.47999572753906,170.3000030517578,164.52999877929688,164.77000427246094,152052500,164.77000427246094,128.4389958190918,166.7327279765691,-1,1
2021-12-02,158.74000549316406,164.1999969482422,157.8000030517578,163.75999450683594,136739200,163.75999450683594,128.9941960144043,163.37705632791878,-1,-1
2021-12-03,164.02000427246094,164.9600067138672,159.72000122070312,161.83999633789062,118023100,161.83999633789062,128.9941960144043,161.44890860508337,-1,-1
2021-12-06,164.2899932861328,167.8800048828125,164.27999877929688,165.32000732421875,107497000,165.32000732421875,128.9941960144043,167.2981800839917,-1,1
2021-12-07,169.0800018310547,171.5800018310547,168.33999633789062,171.17999267578125,120405400,171.17999267578125,128.9941960144043,171.34566953794922,-1,1
2021-12-08,172.1300048828125,175.9600067138672,170.6999969482422,175.0800018310547,116998900,175.0800018310547,128.9941960144043,174.9144372718243,-1,-1
2021-12-09,174.91000366210938,176.75,173.9199981689453,174.55999755859375,108923700,174.55999755859375,128.9941960144043,175.85966613269784,-1,1
2021-12-10,175.2100067138672,179.6300048828125,174.69000244140625,179.4499969482422,115402700,179.4499969482422,128.9941960144043,179.4074391170413,-1,-1
2021-12-13,181.1199951171875,182.1300048828125,175.52999877929688,175.74000549316406,153237000,175.74000549316406,128.4389958190918,176.6772400163036,-1,1
2021-12-14,175.25,177.74000549316406,172.2100067138672,174.3300018310547,139380400,174.3300018310547,128.4389958190918,174.88682360604653,-1,1
2021-12-15,175.11000061035156,179.5,172.30999755859375,179.3000030517578,131063300,179.3000030517578,128.9941960144043,177.63287222953514,-1,-1
2021-12-16,179.27999877929688,181.13999938964844,170.75,172.25999450683594,150185800,172.25999450683594,128.4389958190918,172.6358445847344,-1,1
2021-12-17,169.92999267578125,173.47000122070312,169.69000244140625,171.13999938964844,195432700,171.13999938964844,127.16999633789062,172.816458008296,-1,1
2021-12-20,168.27999877929688,170.5800018310547,167.4600067138672,169.75,107499100,169.75,128.9941960144043,170.17072375235577,-1,1
2021-12-21,171.55999755859375,173.1999969482422,169.1199951171875,172.99000549316406,91185900,172.99000549316406,128.9941960144043,171.9333902912203,-1,-1
2021-12-22,173.0399932861328,175.86000061035156,172.14999389648438,175.63999938964844,92135300,175.63999938964844,128.9941960144043,175.5585983518037,-1,-1
2021-12-23,175.85000610351562,176.85000610351562,175.27000427246094,176.27999877929688,68356600,176.27999877929688,129.21259689331055,176.90755442351545,-1,1
2021-12-27,177.08999633789062,180.4199981689453,177.07000732421875,180.3300018310547,74919600,180.3300018310547,129.1397966003418,180.74230380437223,-1,1
2021-12-28,180.16000366210938,181.3300018310547,178.52999877929688,179.2899932861328,79144300,179.2899932861328,129.1397966003418,180.1443351073548,-1,1
2021-12-29,179.3300018310547,180.6300048828125,178.13999938964844,179.3800048828125,62348900,179.3800048828125,129.21259689331055,180.00315687328845,-1,1
2021-12-30,179.47000122070312,180.57000732421875,178.08999633789062,178.1999969482422,59773000,178.1999969482422,129.21259689331055,179.46432763597514,-1,1
2021-12-31,178.08999633789062,179.22999572753906,177.25999450683594,177.57000732421875,64062300,177.57000732421875,129.21259689331055,178.74149132069815,-1,1
2022-01-03,177.8300018310547,182.8800048828125,177.7100067138672,182.00999450683594,104487900,182.00999450683594,128.9941960144043,182.65003284595667,-1,1
2022-01-04,182.6300048828125,182.94000244140625,179.1199951171875,179.6999969482422,99310400,179.6999969482422,128.9941960144043,180.12644432137645,-1,1
2022-01-05,179.61000061035156,180.1699981689453,174.63999938964844,174.9199981689453,94537600,174.9199981689453,128.9941960144043,175.59934433729313,-1,1
2022-01-06,172.6999969482422,175.3000030517578,171.63999938964844,172.0,96904000,172.0,128.9941960144043,173.88738586845082,-1,1
2022-01-07,172.88999938964844,174.13999938964844,171.02999877929688,172.1699981689453,86709100,172.1699981689453,129.1397966003418,172.76735433176418,-1,1
2022-01-10,169.0800018310547,172.5,168.1699981689453,172.19000244140625,106765600,172.19000244140625,128.9941960144043,172.05670018963212,-1,-1
2022-01-11,172.32000732421875,175.17999267578125,170.82000732421875,175.0800018310547,76138300,175.0800018310547,129.1397966003418,174.47385873403843,-1,-1
2022-01-12,176.1199951171875,177.17999267578125,174.82000732421875,175.52999877929688,74805200,175.52999877929688,129.1397966003418,176.3565359568908,-1,1
2022-01-13,175.77999877929688,176.6199951171875,171.7899932861328,172.19000244140625,84505800,172.19000244140625,129.1397966003418,172.97203987609112,-1,1
2022-01-14,171.33999633789062,173.77999877929688,171.08999633789062,173.07000732421875,80440800,173.07000732421875,129.1397966003418,173.8203056193094,-1,1
2022-01-18,171.50999450683594,172.5399932861328,169.41000366210938,169.8000030517578,90956700,169.8000030517578,128.9941960144043,170.76246946197475,-1,1
2022-01-19,170.0,171.0800018310547,165.94000244140625,166.22999572753906,94815000,166.22999572753906,128.9941960144043,167.1842924064211,-1,1
2022-01-20,166.97999572753906,169.67999267578125,164.17999267578125,164.50999450683594,91420500,164.50999450683594,128.9941960144043,166.3622947154973,-1,1
2022-01-21,164.4199981689453,166.3300018310547,162.3000030517578,162.41000366210938,122848900,162.41000366210938,128.9941960144043,163.99812015871382,-1,1
2022-01-24,160.02000427246094,162.3000030517578,154.6999969482422,161.6199951171875,162294600,161.6199951171875,127.38039627075196,158.6615431217386,-1,-1
2022-01-25,158.97999572753906,162.75999450683594,157.02000427246094,159.77999877929688,115798400,159.77999877929688,128.9941960144043,160.5880296954643,-1,1
2022-01-26,163.5,164.38999938964844,157.82000732421875,159.69000244140625,108275300,159.69000244140625,128.9941960144043,159.37194688903722,-1,-1
2022-01-27,162.4499969482422,163.83999633789062,158.27999877929688,159.22000122070312,121954600,159.22000122070312,128.9941960144043,159.86214292513304,-1,1
2022-01-28,165.7100067138672,170.35000610351562,162.8000030517578,170.3300018310547,179935700,170.3300018310547,127.38039627075196,168.37999088771656,-1,-1
2022-01-31,170.16000366210938,175.0,169.50999450683594,174.77999877929688,115541600,174.77999877929688,128.9941960144043,174.59356401563497,-1,-1
2022-02-01,174.00999450683594,174.83999633789062,172.30999755859375,174.61000061035156,86213900,174.61000061035156,129.1397966003418,174.21517757065592,-1,-1
2022-02-02,174.75,175.8800048828125,173.3300018310547,175.83999633789062,84914300,175.83999633789062,129.1397966003418,175.48394985327545,-1,-1
2022-02-03,174.47999572753906,176.24000549316406,172.1199951171875,172.89999389648438,89418100,172.89999389648438,129.1397966003418,173.9974827725936,-1,1
2022-02-04,171.67999267578125,174.10000610351562,170.67999267578125,172.38999938964844,82465400,172.38999938964844,129.1397966003418,173.2754512494645,-1,1
2022-02-07,172.86000061035156,173.9499969482422,170.9499969482422,171.66000366210938,77251200,171.66000366210938,129.1397966003418,172.45800123103814,-1,1
2022-02-08,171.72999572753906,175.35000610351562,171.42999267578125,174.8300018310547,74829200,174.8300018310547,129.1397966003418,175.26747162998842,-1,1
2022-02-09,176.0500030517578,176.64999389648438,174.89999389648438,176.27999877929688,71285000,176.27999877929688,129.21259689331055,176.4157795426448,-1,1
2022-02-10,174.13999938964844,175.47999572753906,171.5500030517578,172.1199951171875,90865900,172.1199951171875,128.9941960144043,173.1179580966614,-1,1
2022-02-11,172.3300018310547,173.0800018310547,168.0399932861328,168.63999938964844,98670700,168.63999938964844,128.9941960144043,169.20665785519344,-1,1
2022-02-14,167.3699951171875,169.5800018310547,166.55999755859375,168.8800048828125,86185500,168.8800048828125,129.1397966003418,169.23169651368346,-1,1
2022-02-15,170.97000122070312,172.9499969482422,170.25,172.7899932861328,62527400,172.7899932861328,129.21259689331055,172.89431280330152,-1,1
2022-02-16,171.85000610351562,173.33999633789062,170.0500030517578,172.5500030517578,61177400,172.5500030517578,129.21259689331055,172.36784403660528,-1,-1
2022-02-17,171.02999877929688,171.91000366210938,168.47000122070312,168.8800048828125,69589300,168.8800048828125,129.21259689331055,169.72691093973913,-1,1
2022-02-18,169.82000732421875,170.5399932861328,166.19000244140625,167.3000030517578,82772700,167.3000030517578,129.1397966003418,167.53155308294393,-1,1
2022-02-22,164.97999572753906,166.69000244140625,162.14999389648438,164.32000732421875,91162800,164.32000732421875,128.9941960144043,164.3921490279467,-1,1
2022-02-23,165.5399932861328,166.14999389648438,159.75,160.07000732421875,90009200,160.07000732421875,128.9941960144043,160.64649019978313,-1,1
2022-02-24,152.5800018310547,162.85000610351562,152.0,162.74000549316406,141147500,162.74000549316406,128.4389958190918,161.74530099776553,-1,-1
2022-02-25,163.83999633789062,165.1199951171875,160.8699951171875,164.85000610351562,91974200,164.85000610351562,128.9941960144043,163.46373953900192,-1,-1
2022-02-28,163.05999755859375,165.4199981689453,162.42999267578125,165.1199951171875,95056600,165.1199951171875,128.9941960144043,165.29242590368537,-1,1
2022-03-01,164.6999969482422,166.60000610351562,161.97000122070312,163.1999969482422,83474400,163.1999969482422,129.1397966003418,164.01004732153336,-1,1
2022-03-02,164.38999938964844,167.36000061035156,162.9499969482422,166.55999755859375,79724800,166.55999755859375,129.1397966003418,166.4153244654757,-1,-1
2022-03-03,168.47000122070312,168.91000366210938,165.5500030517578,166.22999572753906,76678400,166.22999572753906,129.1397966003418,166.62740875993342,-1,1
2022-03-04,164.49000549316406,165.5500030517578,162.10000610351562,163.1699981689453,83737200,163.1699981689453,129.1397966003418,163.6479420689606,-1,1
2022-03-07,163.36000061035156,165.02000427246094,159.0399932861328,159.3000030517578,96418800,159.3000030517578,128.9941960144043,160.54530265973418,-1,1
2022-03-08,158.82000732421875,162.8800048828125,155.8000030517578,157.44000244140625,131148300,157.44000244140625,128.9941960144043,159.09602209717846,-1,1
2022-03-09,161.47999572753906,163.41000366210938,159.41000366210938,162.9499969482422,91454900,162.9499969482422,128.9941960144043,162.24350527294325,-1,-1
2022-03-10,160.1999969482422,160.38999938964844,155.97999572753906,158.52000427246094,105342000,158.52000427246094,128.9941960144043,157.42975672451632,-1,-1
2022-03-11,158.92999267578125,159.27999877929688,154.5,154.72999572753906,96970100,154.72999572753906,128.9941960144043,155.26050831992234,-1,1
2022-03-14,151.4499969482422,154.1199951171875,150.10000610351562,150.6199951171875,108732100,150.6199951171875,128.9941960144043,152.32508670409547,-1,1
2022-03-15,150.89999389648438,155.57000732421875,150.3800048828125,155.08999633789062,92964300,155.08999633789062,128.9941960144043,155.10906591807367,-1,1
2022-03-16,157.0500030517578,160.0,154.4600067138672,159.58999633789062,102300200,159.58999633789062,128.9941960144043,158.3226498118145,-1,-1
2022-03-17,158.61000061035156,161.0,157.6300048828125,160.6199951171875,75615400,160.6199951171875,129.1397966003418,160.57349833395475,-1,-1
2022-03-18,160.50999450683594,164.47999572753906,159.75999450683594,163.97999572753906,123511700,163.97999572753906,128.9941960144043,163.97629068199097,-1,-1
2022-03-21,163.50999450683594,166.35000610351562,163.00999450683594,165.3800048828125,95811400,165.3800048828125,128.9941960144043,166.03508177093673,-1,1
2022-03-22,165.50999450683594,169.4199981689453,164.91000366210938,168.82000732421875,81532000,168.82000732421875,129.1397966003418,169.02858849542469,-1,1
2022-03-23,167.99000549316406,172.63999938964844,167.64999389648438,170.2100067138672,98062700,170.2100067138672,128.9941960144043,171.74550840020783,-1,1
2022-03-24,171.05999755859375,174.13999938964844,170.2100067138672,174.07000732421875,90131400,174.07000732421875,128.9941960144043,173.8745479419079,-1,-1
2022-03-25,173.8800048828125,175.27999877929688,172.75,174.72000122070312,80546200,174.72000122070312,129.1397966003418,174.8829325665931,-1,1
2022-03-28,172.1699981689453,175.72999572753906,172.0,175.60000610351562,90371900,175.60000610351562,128.9941960144043,175.87664885788868,-1,1
2022-03-29,176.69000244140625,179.00999450683594,176.33999633789062,178.9600067138672,100589400,178.9600067138672,128.9941960144043,179.23253256085755,-1,1
2022-03-30,178.5500030517578,179.61000061035156,176.6999969482422,177.77000427246094,92633200,177.77000427246094,128.9941960144043,178.3367532948682,-1,1
2022-03-31,177.83999633789062,178.02999877929688,174.39999389648438,174.61000061035156,103049300,174.61000061035156,128.9941960144043,175.2004487938727,-1,1
2022-04-01,174.02999877929688,174.8800048828125,171.94000244140625,174.30999755859375,78751300,174.30999755859375,129.1397966003418,173.86153610060668,-1,-1
2022-04-04,174.57000732421875,178.49000549316406,174.44000244140625,178.44000244140625,76468400,178.44000244140625,129.1397966003418,178.6585561026393,-1,1
2022-04-05,177.5,178.3000030517578,174.4199981689453,175.05999755859375,73401800,175.05999755859375,129.1397966003418,175.71314955572979,-1,1
2022-04-06,172.36000061035156,173.6300048828125,170.1300048828125,171.8300018310547,89058800,171.8300018310547,129.1397966003418,172.04205598570232,-1,1
2022-04-07,171.16000366210938,173.36000061035156,169.85000610351562,172.13999938964844,77594700,172.13999938964844,129.1397966003418,172.5009191337699,-1,1
2022-04-08,171.77999877929688,171.77999877929688,169.1999969482422,170.08999633789062,76575500,170.08999633789062,129.1397966003418,170.13994008680137,-1,1
2022-04-11,168.7100067138672,169.02999877929688,165.5,165.75,72246700,165.75,129.1397966003418,166.35851360504628,-1,1
2022-04-12,168.02000427246094,169.8699951171875,166.63999938964844,167.66000366210938,79265200,167.66000366210938,129.1397966003418,168.6648700871285,-1,1
2022-04-13,167.38999938964844,171.0399932861328,166.77000427246094,170.39999389648438,70618900,170.39999389648438,129.21259689331055,170.66492337473684,-1,1
2022-04-14,170.6199951171875,171.27000427246094,165.0399932861328,165.2899932861328,75329400,165.2899932861328,129.1397966003418,165.97081098211837,-1,1
2022-04-18,163.9199981689453,166.60000610351562,163.57000732421875,165.07000732421875,69023900,165.07000732421875,129.21259689331055,166.23524185923588,-1,1
2022-04-19,165.02000427246094,167.82000732421875,163.91000366210938,167.39999389648438,67723800,167.39999389648438,129.21259689331055,167.26453035643422,-1,-1
2022-04-20,168.75999450683594,168.8800048828125,166.10000610351562,167.22999572753906,67929800,167.22999572753906,129.21259689331055,167.16778639419067,-1,-1
2022-04-21,168.91000366210938,171.52999877929688,165.91000366210938,166.4199981689453,87227800,166.4199981689453,129.1397966003418,168.10813265381208,-1,1
2022-04-22,166.4600067138672,167.8699951171875,161.5,161.7899932861328,84882400,161.7899932861328,129.1397966003418,162.86491216072426,-1,1
2022-04-25,161.1199951171875,163.1699981689453,158.4600067138672,162.8800048828125,96046400,162.8800048828125,128.9941960144043,161.61757871253877,-1,-1
2022-04-26,162.25,162.33999633789062,156.72000122070312,156.8000030517578,95623200,156.8000030517578,128.9941960144043,157.25248098704452,-1,1
2022-04-27,155.91000366210938,159.7899932861328,155.3800048828125,156.57000732421875,88063200,156.57000732421875,129.1397966003418,158.54442069628647,-1,1
2022-04-28,159.25,164.52000427246094,158.92999267578125,163.63999938964844,130216800,163.63999938964844,128.9941960144043,164.02559647091118,-1,1
2022-04-29,161.83999633789062,166.1999969482422,157.25,157.64999389648438,131747600,157.64999389648438,128.9941960144043,160.23755918902336,-1,1
2022-05-02,156.7100067138672,158.22999572753906,153.27000427246094,157.9600067138672,123055300,157.9600067138672,128.9941960144043,156.16733165921315,-1,-1
2022-05-03,158.14999389648438,160.7100067138672,156.32000732421875,159.47999572753906,88966500,159.47999572753906,129.1397966003418,159.36619700826304,-1,-1
2022-05-04,159.6699981689453,166.47999572753906,159.25999450683594,166.02000427246094,108256500,166.02000427246094,128.9941960144043,165.86618604762853,-1,-1
2022-05-05,163.85000610351562,164.0800018310547,154.9499969482422,156.77000427246094,130525300,156.77000427246094,128.9941960144043,155.97037465421485,-1,-1
2022-05-06,156.00999450683594,159.44000244140625,154.17999267578125,157.27999877929688,116124600,157.27999877929688,128.9941960144043,157.66325432740047,-1,1
2022-05-09,154.92999267578125,155.8300018310547,151.49000549316406,152.05999755859375,131577900,152.05999755859375,128.9941960144043,152.68431113054672,-1,1
2022-05-10,155.52000427246094,156.74000549316406,152.92999267578125,154.50999450683594,115366700,154.50999450683594,128.9941960144043,154.67686394623425,-1,1
2022-05-11,153.5,155.4499969482422,145.80999755859375,146.5,142689800,146.5,128.4389958190918,147.39852322066307,-1,1
2022-05-12,142.77000427246094,146.1999969482422,138.8000030517578,142.55999755859375,182602000,142.55999755859375,127.38039627075196,142.32599918147494,-1,-1
2022-05-13,144.58999633789062,148.10000610351562,143.11000061035156,147.11000061035156,113990900,147.11000061035156,128.9941960144043,146.89834567862027,-1,-1
2022-05-16,145.5500030517578,147.52000427246094,144.17999267578125,145.5399932861328,86643800,145.5399932861328,129.1397966003418,146.2786296793549,-1,1
2022-05-17,148.86000061035156,149.77000427246094,146.67999267578125,149.24000549316406,78336300,149.24000549316406,129.1397966003418,148.5774897290773,-1,-1
2022-05-18,146.85000610351562,147.36000061035156,139.89999389648438,140.82000732421875,109742900,140.82000732421875,128.9941960144043,140.7954721774164,-1,-1
2022-05-19,139.8800048828125,141.66000366210938,136.60000610351562,137.35000610351562,136095600,137.35000610351562,128.9941960144043,138.26841539247832,-1,1
2022-05-20,139.08999633789062,140.6999969482422,132.61000061035156,137.58999633789062,137426100,137.58999633789062,128.9941960144043,135.4218902592354,-1,-1
2022-05-23,137.7899932861328,143.25999450683594,137.64999389648438,143.11000061035156,117726300,143.11000061035156,128.9941960144043,143.01387636616843,-1,-1
2022-05-24,140.80999755859375,141.97000122070312,137.3300018310547,140.36000061035156,104132700,140.36000061035156,128.9941960144043,139.41393888440223,-1,-1
2022-05-25,138.42999267578125,141.7899932861328,138.33999633789062,140.52000427246094,92482700,140.52000427246094,128.9941960144043,141.48992618494233,-1,1
2022-05-26,137.38999938964844,144.33999633789062,137.13999938964844,143.77999877929688,90601500,143.77999877929688,128.9941960144043,143.6913928746896,-1,-1
2022-05-27,145.38999938964844,149.67999267578125,145.25999450683594,149.63999938964844,90978500,149.63999938964844,128.9941960144043,149.66858112348265,-1,1
2022-05-31,149.07000732421875,150.66000366210938,146.83999633789062,148.83999633789062,103718400,148.83999633789062,128.9941960144043,148.91549408670264,-1,1
2022-06-01,149.89999389648438,151.74000549316406,147.67999267578125,148.7100067138672,74286600,148.7100067138672,129.1397966003418,149.5802697505203,-1,1
2022-06-02,147.8300018310547,151.27000427246094,146.86000061035156,151.2100067138672,72348100,151.2100067138672,129.1397966003418,150.77204966303898,-1,-1
2022-06-03,146.89999389648438,147.97000122070312,144.4600067138672,145.3800048828125,88570300,145.3800048828125,129.1397966003418,145.8804508992521,-1,1
2022-06-06,147.02999877929688,148.57000732421875,144.89999389648438,146.13999938964844,71598400,146.13999938964844,129.1397966003418,146.69873800416278,-1,1
2022-06-07,144.35000610351562,149.0,144.10000610351562,148.7100067138672,67808200,148.7100067138672,129.21259689331055,148.77255404601357,-1,1
2022-06-08,148.5800018310547,149.8699951171875,147.4600067138672,147.9600067138672,53950200,147.9600067138672,129.21259689331055,148.93829659141463,-1,1
2022-06-09,147.0800018310547,147.9499969482422,142.52999877929688,142.63999938964844,69473000,142.63999938964844,129.21259689331055,143.47712354400554,-1,1
2022-06-10,140.27999877929688,140.75999450683594,137.05999755859375,137.1300048828125,91437900,137.1300048828125,128.9941960144043,137.81246249156803,-1,1
2022-06-13,132.8699951171875,135.1999969482422,131.44000244140625,131.8800048828125,122207100,131.8800048828125,134.18179931640626,133.36377311145725,1,1
2022-06-14,133.1300048828125,133.88999938964844,131.47999572753906,132.75999450683594,84784300,132.75999450683594,135.19500030517577,132.82720882827044,1,1
2022-06-15,134.2899932861328,137.33999633789062,132.16000366210938,135.42999267578125,91533000,135.42999267578125,134.931396484375,135.38393787213005,-1,-1
2022-06-16,132.0800018310547,132.38999938964844,129.0399932861328,130.05999755859375,108123900,130.05999755859375,131.7276025390625,129.9820555361042,1,-1
2022-06-17,130.07000732421875,133.0800018310547,129.80999755859375,131.55999755859375,134520300,131.55999755859375,130.82600234985352,132.57545454520374,-1,1
2022-06-21,133.4199981689453,137.05999755859375,133.32000732421875,135.8699951171875,81000500,135.8699951171875,135.05199584960937,136.7220060355835,-1,1
2022-06-22,134.7899932861328,137.75999450683594,133.91000366210938,135.35000610351562,73409200,135.35000610351562,132.51099609375,136.55320302511922,-1,1
2022-06-23,136.82000732421875,138.58999633789062,135.6300048828125,138.27000427246094,72433800,138.27000427246094,129.1397966003418,138.0133837846947,-1,-1
2022-06-24,139.89999389648438,141.91000366210938,139.77000427246094,141.66000366210938,89116800,141.66000366210938,129.1397966003418,142.09874258838715,-1,1
2022-06-27,142.6999969482422,143.49000549316406,140.97000122070312,141.66000366210938,70207900,141.66000366210938,129.21259689331055,142.1812107046767,-1,1
2022-06-28,142.1300048828125,143.4199981689453,137.32000732421875,137.44000244140625,67083400,137.44000244140625,129.21259689331055,138.46306088889386,-1,1
2022-06-29,137.4600067138672,140.6699981689453,136.6699981689453,139.22999572753906,66242400,139.22999572753906,140.94020111083984,139.60781939881977,1,1
2022-06-30,137.25,138.3699951171875,133.77000427246094,136.72000122070312,98964500,136.72000122070312,135.7626010131836,135.79306108226274,-1,-1
2022-07-01,136.0399932861328,139.0399932861328,135.66000366210938,138.92999267578125,71051600,138.92999267578125,141.2400030517578,138.9308306932255,1,1
2022-07-05,137.77000427246094,141.61000061035156,136.92999267578125,141.55999755859375,73353800,141.55999755859375,140.9718017578125,141.26804312572563,-1,-1
2022-07-06,141.35000610351562,144.1199951171875,141.0800018310547,142.9199981689453,74064300,142.9199981689453,142.4482000732422,143.49017053867107,-1,1
2022-07-07,143.2899932861328,146.5500030517578,143.27999877929688,146.35000610351562,66253700,146.35000610351562,145.95020202636718,146.5951751810248,-1,1
2022-07-08,145.25999450683594,147.5500030517578,145.0,147.0399932861328,64547800,147.0399932861328,146.38799774169922,147.31435012634097,-1,1
2022-07-11,145.6699981689453,146.63999938964844,143.77999877929688,144.8699951171875,63141600,144.8699951171875,144.9716012573242,144.86144305449355,1,-1
2022-07-12,145.75999450683594,148.4499969482422,145.0500030517578,145.86000061035156,77588800,145.86000061035156,148.5608023071289,146.83260447627768,1,1
2022-07-13,142.99000549316406,146.4499969482422,142.1199951171875,145.49000549316406,71185600,145.49000549316406,144.74279998779298,145.61054878907123,-1,1
2022-07-14,144.0800018310547,148.9499969482422,143.25,148.47000122070312,78140700,148.47000122070312,148.2796029663086,148.36666281257283,-1,-1
2022-07-15,149.77999877929688,150.86000061035156,148.1999969482422,150.1699981689453,76259900,150.1699981689453,147.8636001586914,149.84799590697853,-1,-1
2022-07-18,150.74000549316406,151.57000732421875,146.6999969482422,147.07000732421875,81420900,147.07000732421875,146.96439849853516,147.15260898471055,-1,1
2022-07-19,147.9199981689453,151.22999572753906,146.91000366210938,151.0,82982400,151.0,147.51840362548828,150.72821884099105,-1,-1
2022-07-20,151.1199951171875,153.72000122070312,150.3699951171875,153.0399932861328,64823400,153.0399932861328,155.54639739990233,153.12687612170558,1,1
2022-07-21,154.5,155.57000732421875,151.94000244140625,155.35000610351562,65086600,155.35000610351562,155.40900024414063,154.28409607544774,1,-1
2022-07-22,155.38999938964844,156.27999877929688,153.41000366210938,154.08999633789062,66675400,154.08999633789062,150.3182015991211,154.2407123812862,-1,1
2022-07-25,154.00999450683594,155.0399932861328,152.27999877929688,152.9499969482422,53623900,152.9499969482422,153.47979919433592,153.18029556210254,1,1
2022-07-26,152.25999450683594,153.08999633789062,150.8000030517578,151.60000610351562,55138700,151.60000610351562,151.47839813232423,151.70695030192653,-1,1
2022-07-27,152.5800018310547,157.3300018310547,152.16000366210938,156.7899932861328,78620700,156.7899932861328,155.63419921875,156.95178290912474,-1,1
2022-07-28,156.97999572753906,157.63999938964844,154.41000366210938,157.35000610351562,81378700,157.35000610351562,154.01640197753906,156.33036436781848,-1,-1
2022-07-29,161.24000549316406,163.6300048828125,159.5,162.50999450683594,101786900,162.50999450683594,158.54420257568358,162.29421364104078,-1,-1
2022-08-01,161.00999450683594,163.58999633789062,160.88999938964844,161.50999450683594,67829400,161.50999450683594,162.88420135498046,162.5914333061694,1,1
2022-08-02,160.10000610351562,162.41000366210938,159.6300048828125,160.00999450683594,59907000,160.00999450683594,158.66519958496093,161.0481423752136,-1,1
2022-08-03,160.83999633789062,166.58999633789062,160.75,166.1300048828125,82507500,166.1300048828125,164.5521990966797,166.42551822227156,-1,1
2022-08-04,166.00999450683594,167.19000244140625,164.42999267578125,165.80999755859375,55474100,165.80999755859375,167.5665966796875,165.81362791862767,1,1
2022-08-05,163.2100067138672,165.85000610351562,163.0,165.35000610351562,56697000,165.35000610351562,165.91799987792967,165.66133188784156,1,1
2022-08-08,166.3699951171875,167.80999755859375,164.1999969482422,164.8699951171875,60276900,164.8699951171875,166.28419830322267,165.25887082087112,1,1
2022-08-09,164.02000427246094,165.82000732421875,163.25,164.9199981689453,63135500,164.9199981689453,166.4595977783203,165.13190303646445,1,1
2022-08-10,167.67999267578125,169.33999633789062,166.89999389648438,169.24000549316406,70170500,169.24000549316406,168.00959533691406,169.09428078477995,-1,-1
2022-08-11,170.05999755859375,170.99000549316406,168.19000244140625,168.49000549316406,57149200,168.49000549316406,166.95139892578126,168.85737220971717,-1,1
2022-08-12,169.82000732421875,172.1699981689453,169.39999389648438,172.10000610351562,68039400,172.10000610351562,169.5872018432617,172.12271019316512,-1,1
2022-08-15,171.52000427246094,173.38999938964844,171.35000610351562,173.19000244140625,54091700,173.19000244140625,170.39460296630858,173.41493993873124,-1,1
2022-08-16,172.77999877929688,173.7100067138672,171.66000366210938,173.02999877929688,56377100,173.02999877929688,171.12940277099608,172.98111600330805,-1,-1
2022-08-17,172.77000427246094,176.14999389648438,172.57000732421875,174.5500030517578,79542000,174.5500030517578,177.18380096435547,175.37351847302818,1,1
2022-08-18,173.75,174.89999389648438,173.1199951171875,174.14999389648438,62290100,174.14999389648438,177.76580047607422,174.3980840225411,1,1
2022-08-19,173.02999877929688,173.74000549316406,171.30999755859375,171.52000427246094,70346300,171.52000427246094,171.02960174560548,171.85652553434093,-1,1
2022-08-22,169.69000244140625,169.86000061035156,167.13999938964844,167.57000732421875,69026800,167.57000732421875,167.41439819335938,167.49431071620705,-1,-1
2022-08-23,167.0800018310547,168.7100067138672,166.64999389648438,167.22999572753906,54147100,167.22999572753906,166.93459869384765,167.89461946563654,-1,1
2022-08-24,167.32000732421875,168.11000061035156,166.25,167.52999877929688,53841500,167.52999877929688,166.418798828125,167.4570849186813,-1,-1
2022-08-25,168.77999877929688,170.13999938964844,168.35000610351562,170.02999877929688,51218200,170.02999877929688,168.01619720458984,170.07918551537688,-1,1
2022-08-26,170.57000732421875,171.0500030517578,163.55999755859375,163.6199951171875,78961000,163.6199951171875,164.35080322265625,163.45610892888442,1,-1
2022-08-29,161.14999389648438,162.89999389648438,159.82000732421875,161.3800048828125,73314000,161.3800048828125,162.96380187988282,161.57090555517271,1,1
2022-08-30,162.1300048828125,162.55999755859375,157.72000122070312,158.91000366210938,77906200,158.91000366210938,163.64800231933594,158.4290778912742,1,-1
2022-08-31,160.30999755859375,160.5800018310547,157.13999938964844,157.22000122070312,87991100,157.22000122070312,159.5082046508789,157.28632649448323,1,1
2022-09-01,156.63999938964844,158.4199981689453,154.6699981689453,157.9600067138672,74229900,157.9600067138672,159.23979797363282,157.3146247274389,1,-1
2022-09-02,159.75,160.36000061035156,154.97000122070312,155.80999755859375,76957800,155.80999755859375,159.32740081787108,155.5292556845396,1,-1
2022-09-06,156.47000122070312,157.08999633789062,153.69000244140625,154.52999877929688,73714800,154.52999877929688,150.68720336914063,154.4249680882039,-1,-1
2022-09-07,154.82000732421875,156.6699981689453,153.61000061035156,155.9600067138672,87449600,155.9600067138672,155.3340008544922,155.84267651909414,-1,-1
2022-09-08,154.63999938964844,156.36000061035156,152.67999267578125,154.4600067138672,84923800,154.4600067138672,151.46499969482423,154.4777247047264,-1,1
2022-09-09,155.47000122070312,157.82000732421875,154.75,157.3699951171875,68028800,157.3699951171875,158.84719970703125,157.38191302564442,1,1
2022-09-12,159.58999633789062,164.25999450683594,159.3000030517578,163.42999267578125,104956000,163.42999267578125,157.97760040283202,163.8174423962206,-1,1
2022-09-13,159.89999389648438,160.5399932861328,153.3699951171875,153.83999633789062,122656600,153.83999633789062,155.14839935302734,153.60502270581742,1,-1
2022-09-14,154.7899932861328,157.10000610351562,153.61000061035156,155.30999755859375,87965400,155.30999755859375,155.54480163574217,155.6896389827762,1,1
2022-09-15,154.64999389648438,155.24000549316406,151.3800048828125,152.3699951171875,90481100,152.3699951171875,153.9973959350586,152.144981501362,1,-1
2022-09-16,151.2100067138672,151.35000610351562,148.3699951171875,150.6999969482422,162278800,150.6999969482422,148.10219757080077,149.73575030163545,-1,-1
2022-09-19,149.30999755859375,154.55999755859375,149.10000610351562,154.47999572753906,81474200,154.47999572753906,152.94080108642578,154.53198923374418,-1,1
2022-09-20,153.39999389648438,158.0800018310547,153.0800018310547,156.89999389648438,107689800,156.89999389648438,155.75060028076172,157.4223347489551,-1,1
2022-09-21,157.33999633789062,158.74000549316406,153.60000610351562,153.72000122070312,101696800,153.72000122070312,150.61199829101562,154.20723124902534,-1,1
2022-09-22,152.3800048828125,154.47000122070312,150.91000366210938,152.74000549316406,86652500,152.74000549316406,154.75219604492187,152.9357841816487,1,1
2022-09-23,151.19000244140625,151.47000122070312,148.55999755859375,150.42999267578125,96029900,150.42999267578125,149.37920043945311,149.7253257350335,-1,-1
2022-09-26,149.66000366210938,153.77000427246094,149.63999938964844,150.77000427246094,93339400,150.77000427246094,149.74680236816405,152.2839992375049,-1,1
2022-09-27,152.74000549316406,154.72000122070312,149.9499969482422,151.75999450683594,84442700,151.75999450683594,151.77800018310546,151.79977985320122,1,1
2022-09-28,147.63999938964844,150.63999938964844,144.83999633789062,149.83999633789062,146691400,149.83999633789062,148.2794039916992,148.88893129252838,-1,-1
2022-09-29,146.10000610351562,146.72000122070312,140.67999267578125,142.47999572753906,128138200,142.47999572753906,141.5714016723633,141.71294691256054,-1,-1
2022-09-30,141.27999877929688,143.10000610351562,138.0,138.1999969482422,124925300,138.1999969482422,142.32880279541016,138.86010170727573,1,1
2022-10-03,138.2100067138672,143.07000732421875,137.69000244140625,142.4499969482422,114311700,142.4499969482422,141.32520141601563,142.5861562992403,-1,1
2022-10-04,145.02999877929688,146.22000122070312,144.25999450683594,146.10000610351562,87830100,146.10000610351562,147.38260131835938,145.95467270751254,1,-1
2022-10-05,144.07000732421875,147.3800048828125,143.00999450683594,146.39999389648438,79471000,146.39999389648438,146.53479522705078,146.43493390231987,1,1
2022-10-06,145.80999755859375,147.5399932861328,145.22000122070312,145.42999267578125,68402200,145.42999267578125,147.0145002746582,146.2674985563563,1,1
2022-10-07,142.5399932861328,143.10000610351562,139.4499969482422,140.08999633789062,85925600,140.08999633789062,140.23420043945313,140.0077922832545,1,-1
2022-10-10,140.4199981689453,141.88999938964844,138.57000732421875,140.4199981689453,74899000,140.4199981689453,142.305400390625,140.283028755126,1,-1
2022-10-11,139.89999389648438,141.35000610351562,138.22000122070312,138.97999572753906,77033700,138.97999572753906,142.55359954833983,139.34511758125063,1,1
2022-10-12,139.1300048828125,140.36000061035156,138.16000366210938,138.33999633789062,70433700,138.33999633789062,141.77240020751952,138.9328009135821,1,1
2022-10-13,134.99000549316406,143.58999633789062,134.3699951171875,142.99000549316406,113224000,142.99000549316406,141.4604006958008,142.9727854692098,-1,-1
2022-10-14,144.30999755859375,144.52000427246094,138.19000244140625,138.3800048828125,88598000,138.3800048828125,141.5053970336914,138.08598547402642,1,-1
2022-10-17,141.07000732421875,142.89999389648438,140.27000427246094,142.41000366210938,85250900,142.41000366210938,142.4676022338867,142.39525105338612,1,-1
2022-10-18,145.49000549316406,146.6999969482422,140.61000061035156,143.75,99136600,143.75,144.27260040283204,142.66318422895222,1,-1
2022-10-19,141.69000244140625,144.9499969482422,141.5,143.86000061035156,61758300,143.86000061035156,144.33759765625,144.40769402872394,1,1
2022-10-20,143.02000427246094,145.88999938964844,142.64999389648438,143.38999938964844,64522000,143.38999938964844,144.0673986816406,144.49276164952389,1,1
2022-10-21,142.8699951171875,147.85000610351562,142.64999389648438,147.27000427246094,86548600,147.27000427246094,144.24459899902342,147.54293490342545,-1,1
2022-10-24,147.19000244140625,150.22999572753906,146.0,149.4499969482422,75981900,149.4499969482422,147.57760192871095,149.3324848312808,-1,-1
2022-10-25,150.08999633789062,152.49000549316406,149.36000061035156,152.33999633789062,74732300,152.33999633789062,151.11160339355467,152.2041750347593,-1,-1
2022-10-26,150.9600067138672,151.99000549316406,148.0399932861328,149.35000610351562,88194300,149.35000610351562,150.76860260009767,149.19432885874892,1,-1
2022-10-27,148.07000732421875,149.0500030517578,144.1300048828125,144.8000030517578,109180200,144.8000030517578,143.8265985107422,144.82805249582717,-1,1
2022-10-28,148.1999969482422,157.5,147.82000732421875,155.74000549316406,164762400,155.74000549316406,152.50360137939452,156.40573040642514,-1,1
2022-10-31,153.16000366210938,154.24000549316406,151.9199981689453,153.33999633789062,97943200,153.33999633789062,155.21359771728515,153.31236574410912,1,-1
2022-11-01,155.0800018310547,155.4499969482422,149.1300048828125,150.64999389648438,80379300,150.64999389648438,150.43140167236328,149.84747274511903,-1,-1
2022-11-02,148.9499969482422,152.1699981689453,145.0,145.02999877929688,93604600,145.02999877929688,144.98939880371094,146.3099825307433,-1,1
2022-11-03,142.05999755859375,142.8000030517578,138.75,138.8800048828125,97918500,138.8800048828125,140.13399963378907,139.09231575732605,1,1
2022-11-04,142.08999633789062,142.6699981689453,134.3800048828125,138.3800048828125,140814800,138.3800048828125,141.40240051269532,136.39217869875895,1,-1
2022-11-07,137.11000061035156,139.14999389648438,135.6699981689453,138.9199981689453,83374600,138.9199981689453,141.79140289306642,138.42811208377535,1,-1
2022-11-08,140.41000366210938,141.42999267578125,137.49000549316406,139.5,89908500,139.5,141.4736019897461,139.00746325443583,1,-1
2022-11-09,138.5,138.5500030517578,134.58999633789062,134.8699951171875,74917800,134.8699951171875,135.37920227050782,134.64787439445692,1,-1
2022-11-10,141.24000549316406,146.8699951171875,139.5,146.8699951171875,118854000,146.8699951171875,145.1807989501953,146.05032833390445,-1,-1
2022-11-11,145.82000732421875,150.00999450683594,144.3699951171875,149.6999969482422,93979700,149.6999969482422,148.74840057373046,149.20729143769353,-1,-1
2022-11-14,148.97000122070312,150.27999877929688,147.42999267578125,148.27999877929688,73374100,148.27999877929688,146.49900146484376,148.56756372285483,-1,1
2022-11-15,152.22000122070312,153.58999633789062,148.55999755859375,150.0399932861328,89868300,150.0399932861328,150.6600015258789,149.89073649458072,1,-1
2022-11-16,149.1300048828125,149.8699951171875,147.2899932861328,148.7899932861328,64218300,148.7899932861328,146.60320190429687,148.5055931997974,-1,-1
2022-11-17,146.42999267578125,151.47999572753906,146.14999389648438,150.72000122070312,80389400,150.72000122070312,149.44160369873046,151.0430006791277,-1,1
2022-11-18,152.30999755859375,152.6999969482422,149.97000122070312,151.2899932861328,74829600,151.2899932861328,150.63100158691407,150.9010282548281,-1,-1
2022-11-21,150.16000366210938,150.3699951171875,147.72000122070312,148.00999450683594,58724100,148.00999450683594,147.3779962158203,147.99257817378543,-1,-1
2022-11-22,148.1300048828125,150.4199981689453,146.92999267578125,150.17999267578125,51804100,150.17999267578125,149.00280151367187,149.81951898003177,-1,-1
2022-11-23,149.4499969482422,151.8300018310547,149.33999633789062,151.07000732421875,58301400,151.07000732421875,151.6884036254883,151.54074583846,1,1
2022-11-25,148.30999755859375,148.8800048828125,147.1199951171875,148.11000061035156,35195900,148.11000061035156,149.2035998535156,148.0279989803751,1,-1
2022-11-28,145.13999938964844,146.63999938964844,143.3800048828125,144.22000122070312,69246000,144.22000122070312,145.2988018798828,144.5673853177547,1,1
2022-11-29,144.2899932861328,144.80999755859375,140.35000610351562,141.1699981689453,83763800,141.1699981689453,141.4537969970703,140.91483986144468,1,-1
2022-11-30,141.39999389648438,148.72000122070312,140.5500030517578,148.02999877929688,111380900,148.02999877929688,144.71179962158203,147.96617053071589,-1,-1
2022-12-01,148.2100067138672,149.1300048828125,146.61000061035156,148.30999755859375,71250400,148.30999755859375,147.9007989501953,148.03544335261927,-1,-1
2022-12-02,145.9600067138672,148.0,145.64999389648438,147.80999755859375,65447400,147.80999755859375,147.02799865722656,147.91878294070432,-1,1
2022-12-05,147.77000427246094,150.9199981689453,145.77000427246094,146.6300048828125,68826400,146.6300048828125,145.7125994873047,147.66314665279296,-1,1
2022-12-06,147.07000732421875,147.3000030517578,141.9199981689453,142.91000366210938,64727200,142.91000366210938,137.37520477294922,142.34070423412268,-1,-1
2022-12-07,142.19000244140625,143.3699951171875,140.0,140.94000244140625,69721100,140.94000244140625,139.09159942626954,141.06155223953766,-1,1
2022-12-08,142.36000061035156,143.52000427246094,141.10000610351562,142.64999389648438,62128300,142.64999389648438,139.9102001953125,142.5651409120218,-1,-1
2022-12-09,142.33999633789062,145.57000732421875,140.89999389648438,142.16000366210938,76097000,142.16000366210938,141.31620025634766,143.09093880870495,-1,1
2022-12-12,142.6999969482422,144.5,141.05999755859375,144.49000549316406,70462700,144.49000549316406,144.4987991333008,143.79733462773206,1,-1
2022-12-13,149.5,149.97000122070312,144.24000549316406,145.47000122070312,93886200,145.47000122070312,145.29219696044922,144.90156163267295,-1,-1
2022-12-14,145.35000610351562,146.66000366210938,141.16000366210938,143.2100067138672,82291200,143.2100067138672,144.09760009765625,142.7156048583283,1,-1
2022-12-15,141.11000061035156,141.8000030517578,136.02999877929688,136.5,98931900,136.5,134.87300231933594,136.37817015920058,-1,-1
2022-12-16,136.69000244140625,137.64999389648438,133.72999572753906,134.50999450683594,160156900,134.50999450683594,134.702001953125,134.5720817580047,1,1
2022-12-19,135.11000061035156,135.1999969482422,131.32000732421875,132.3699951171875,79592600,132.3699951171875,132.6088005065918,131.82296109143263,1,-1
2022-12-20,131.38999938964844,133.25,129.88999938964844,132.3000030517578,77432800,132.3000030517578,132.21339920043945,132.09613282788555,-1,-1
2022-12-21,132.97999572753906,136.80999755859375,132.75,135.4499969482422,85928000,135.4499969482422,132.74399932861328,136.0837216756293,-1,1
2022-12-22,134.35000610351562,134.55999755859375,130.3000030517578,132.22999572753906,77852100,132.22999572753906,132.2740005493164,131.3098613411461,1,-1
2022-12-23,130.9199981689453,132.4199981689453,129.63999938964844,131.86000061035156,63814900,131.86000061035156,132.16100006103517,131.60000167796568,1,-1
2022-12-27,131.3800048828125,131.41000366210938,128.72000122070312,130.02999877929688,69007800,130.02999877929688,128.42600021362304,129.42924061104003,-1,-1
2022-12-28,129.6699981689453,131.02999877929688,125.87000274658203,126.04000091552734,85438400,126.04000091552734,127.6201985168457,126.43528162215482,1,1
2022-12-29,127.98999786376953,130.47999572753906,127.7300033569336,129.61000061035156,75703700,129.61000061035156,130.17400421142577,130.02354808004,1,1
2022-12-30,128.41000366210938,129.9499969482422,127.43000030517578,129.92999267578125,77034200,129.92999267578125,130.05740478515625,129.58872917733586,1,-1
2023-01-03,130.27999877929688,130.89999389648438,124.16999816894531,125.06999969482422,112117500,125.06999969482422,125.81304763793945,124.6212616643669,1,-1
2023-01-04,126.88999938964844,128.66000366210938,125.08000183105469,126.36000061035156,89113600,126.36000061035156,125.19954940795898,126.60200019724994,-1,1
2023-01-05,127.12999725341797,127.7699966430664,124.76000213623047,125.0199966430664,80962700,125.0199966430664,124.82390106201171,125.18476730824527,-1,1
2023-01-06,126.01000213623047,130.2899932861328,124.88999938964844,129.6199951171875,87754700,129.6199951171875,131.19740036010742,129.43714102613703,1,-1
2023-01-09,130.47000122070312,133.41000366210938,129.88999938964844,130.14999389648438,70790800,130.14999389648438,132.71139862060548,131.46728733291295,1,1
2023-01-10,130.25999450683594,131.25999450683594,128.1199951171875,130.72999572753906,63896200,130.72999572753906,128.82920028686524,129.99956180251328,-1,-1
2023-01-11,131.25,133.50999450683594,130.4600067138672,133.49000549316406,69458900,133.49000549316406,132.42260055541993,133.2364244628434,-1,-1
2023-01-12,133.8800048828125,134.25999450683594,131.44000244140625,133.41000366210938,71379600,133.41000366210938,133.5356005859375,132.68451166504062,1,-1
2023-01-13,132.02999877929688,134.9199981689453,131.66000366210938,134.75999450683594,57809700,134.75999450683594,132.82659942626952,134.7800347266782,-1,1
2023-01-17,134.8300018310547,137.2899932861328,134.1300048828125,135.94000244140625,63646600,135.94000244140625,136.51700408935548,136.3379491114375,1,1
2023-01-18,136.82000732421875,138.61000061035156,135.02999877929688,135.2100067138672,69672800,135.2100067138672,136.09160217285157,135.96823959894888,1,1
2023-01-19,134.0800018310547,136.25,133.77000427246094,135.27000427246094,58280400,135.27000427246094,133.6340023803711,135.7148458681202,-1,1
2023-01-20,135.27999877929688,138.02000427246094,134.22000122070312,137.8699951171875,80223600,137.8699951171875,140.68920196533202,137.52834278782782,1,-1
2023-01-23,138.1199951171875,143.32000732421875,137.89999389648438,141.11000061035156,81760300,141.11000061035156,141.9980010986328,142.1099972232088,1,1
2023-01-24,140.30999755859375,143.16000366210938,140.3000030517578,142.52999877929688,66435100,142.52999877929688,141.81940155029298,142.9757461520165,-1,1
2023-01-25,140.88999938964844,142.42999267578125,138.80999755859375,141.86000061035156,65799300,141.86000061035156,141.95899688720704,141.18412356946968,1,-1
2023-01-26,143.1699981689453,144.25,141.89999389648438,143.9600067138672,54105100,143.9600067138672,143.80559692382812,143.6055800255345,-1,-1
2023-01-27,143.16000366210938,147.22999572753906,143.0800018310547,145.92999267578125,70555800,145.92999267578125,146.1051983642578,146.6204274484651,1,1
2023-01-30,144.9600067138672,145.5500030517578,142.85000610351562,143.0,64015300,143.0,144.2926010131836,143.23445631834198,1,1
2023-01-31,142.6999969482422,144.33999633789062,142.27999877929688,144.2899932861328,65874500,144.2899932861328,144.43679901123048,144.27998217742697,1,-1
2023-02-01,143.97000122070312,146.61000061035156,141.32000732421875,145.42999267578125,77663600,145.42999267578125,144.93399993896483,144.70629092925114,-1,-1
2023-02-02,148.89999389648438,151.17999267578125,148.1699981689453,150.82000732421875,118339000,150.82000732421875,148.2432015991211,150.79946732837965,-1,-1
2023-02-03,148.02999877929688,157.3800048828125,147.8300018310547,154.5,154357300,154.5,150.06940063476563,155.766750083022,-1,1
2023-02-06,152.57000732421875,153.10000610351562,150.77999877929688,151.72999572753906,69858300,151.72999572753906,151.92759674072266,151.61670839528952,1,-1
2023-02-07,150.63999938964844,155.22999572753906,150.63999938964844,154.64999389648438,83322600,154.64999389648438,155.2309976196289,155.0610293202391,1,1
2023-02-08,153.8800048828125,154.5800018310547,151.1699981689453,151.9199981689453,64120100,151.9199981689453,154.72039825439452,151.88878965711638,1,-1
2023-02-09,153.77999877929688,154.3300018310547,150.4199981689453,150.8699951171875,56007100,150.8699951171875,153.8865982055664,150.84905021858893,1,-1
2023-02-10,149.4600067138672,151.33999633789062,149.22000122070312,151.00999450683594,57450700,151.00999450683594,150.10080169677735,151.22564127519888,-1,1
2023-02-13,150.9499969482422,154.25999450683594,150.9199981689453,153.85000610351562,62199000,153.85000610351562,157.1569970703125,154.18783825643214,1,1
2023-02-14,152.1199951171875,153.77000427246094,150.86000061035156,153.1999969482422,61707600,153.1999969482422,154.18919830322267,152.98144466569917,1,-1
2023-02-15,153.11000061035156,155.5,152.8800048828125,155.3300018310547,65573800,155.3300018310547,155.63559967041016,155.47551255847878,1,1
2023-02-16,153.50999450683594,156.3300018310547,153.35000610351562,153.7100067138672,68167900,153.7100067138672,153.1934014892578,154.9991382462154,-1,1
2023-02-17,152.35000610351562,153.0,150.85000610351562,152.5500030517578,59144100,152.5500030517578,152.39579681396484,152.16842116416015,-1,-1
2023-02-21,150.1999969482422,151.3000030517578,148.41000366210938,148.47999572753906,58867200,148.47999572753906,148.3253967285156,149.00474702913144,-1,1
2023-02-22,148.8699951171875,149.9499969482422,147.16000366210938,148.91000366210938,51011300,148.91000366210938,147.67440155029297,148.66427065312791,-1,-1
2023-02-23,150.08999633789062,150.33999633789062,147.24000549316406,149.39999389648438,48394200,149.39999389648438,148.1865997314453,148.50890322011128,-1,-1
2023-02-24,147.11000061035156,147.19000244140625,145.72000122070312,146.7100067138672,55469600,146.7100067138672,146.76929824829102,146.40567310048954,1,-1
2023-02-27,147.7100067138672,149.1699981689453,147.4499969482422,147.9199981689453,44998500,147.9199981689453,146.63520080566406,148.54461710890862,-1,1
2023-02-28,147.0500030517578,149.0800018310547,146.8300018310547,147.41000366210938,50547000,147.41000366210938,147.59900024414063,148.23578511232176,1,1
2023-03-01,146.8300018310547,147.22999572753906,145.00999450683594,145.30999755859375,55479000,145.30999755859375,145.78440032958986,145.4189406286884,1,1
2023-03-02,144.3800048828125,146.7100067138672,143.89999389648438,145.91000366210938,52238100,145.91000366210938,146.82020050048828,146.18916488007457,1,1
2023-03-03,148.0399932861328,151.11000061035156,147.3300018310547,151.02999877929688,70732300,151.02999877929688,146.98080322265625,150.8533600353817,-1,-1
2023-03-06,153.7899932861328,156.3000030517578,153.4600067138672,153.8300018310547,87558000,153.8300018310547,153.50400085449218,154.97439576741874,-1,1
2023-03-07,153.6999969482422,154.02999877929688,151.1300048828125,151.60000610351562,56182000,151.60000610351562,153.8311981201172,151.54502818639563,1,-1
2023-03-08,152.80999755859375,153.47000122070312,151.8300018310547,152.8699951171875,47204800,152.8699951171875,153.03999816894532,152.83439637764016,1,-1
2023-03-09,153.55999755859375,154.5399932861328,150.22999572753906,150.58999633789062,53833600,150.58999633789062,153.8997982788086,150.7970657326399,1,1
2023-03-10,150.2100067138672,150.94000244140625,147.61000061035156,148.5,68572400,148.5,147.8303985595703,148.42454021411444,-1,-1
2023-03-13,147.80999755859375,153.13999938964844,147.6999969482422,150.47000122070312,84457100,150.47000122070312,150.47000213623048,151.75093341754746,1,1
2023-03-14,151.27999877929688,153.39999389648438,150.10000610351562,152.58999633789062,73695900,152.58999633789062,152.7469973754883,152.51730256682524,1,-1
2023-03-15,151.19000244140625,153.25,149.9199981689453,152.99000549316406,77167900,152.99000549316406,151.69240173339844,152.62113430396488,-1,-1
2023-03-16,152.16000366210938,156.4600067138672,151.63999938964844,155.85000610351562,76161100,155.85000610351562,155.46559844970704,155.99782681173065,-1,1
2023-03-17,156.0800018310547,156.74000549316406,154.27999877929688,155.0,98944600,155.0,152.74920135498047,155.06408884600836,-1,1
2023-03-20,155.07000732421875,157.82000732421875,154.14999389648438,157.39999389648438,73641400,157.39999389648438,157.01920043945313,157.28238237849905,-1,-1
2023-03-21,157.32000732421875,159.39999389648438,156.5399932861328,159.27999877929688,73938300,159.27999877929688,161.10299926757813,159.12062684714192,1,-1
2023-03-22,159.3000030517578,162.13999938964844,157.80999755859375,157.8300018310547,75701800,157.8300018310547,161.01840301513673,159.175818073646,1,1
2023-03-23,158.8300018310547,161.5500030517578,157.67999267578125,158.92999267578125,67622100,158.92999267578125,163.84699981689454,159.69090399772065,1,1
2023-03-24,158.86000061035156,160.33999633789062,157.85000610351562,160.25,59196500,160.25,162.37779754638672,159.96150260229084,1,-1
2023-03-27,159.94000244140625,160.77000427246094,157.8699951171875,158.27999877929688,52390300,158.27999877929688,159.77460083007813,158.51988852424626,1,1
2023-03-28,157.97000122070312,158.49000549316406,155.97999572753906,157.64999389648438,45992200,157.64999389648438,160.29600006103516,157.18479394110645,1,-1
2023-03-29,159.3699951171875,161.0500030517578,159.35000610351562,160.77000427246094,51305700,160.77000427246094,161.59899993896485,161.09852609944483,1,1
2023-03-30,161.52999877929688,162.47000122070312,161.27000427246094,162.36000061035156,49501700,162.36000061035156,162.73480072021485,162.49996051875422,1,1
2023-03-31,162.44000244140625,165.0,161.91000366210938,164.89999389648438,68749800,164.89999389648438,164.80439727783204,164.86156489927964,-1,-1
2023-04-03,164.27000427246094,166.2899932861328,164.22000122070312,166.1699981689453,56976200,166.1699981689453,166.83419677734375,166.41122823884012,1,1
2023-04-04,166.60000610351562,166.83999633789062,165.11000061035156,165.6300048828125,46278300,165.6300048828125,166.7835986328125,165.62345752929883,1,-1
2023-04-05,164.74000549316406,165.0500030517578,161.8000030517578,163.75999450683594,51511700,163.75999450683594,164.2719985961914,163.00004795948755,1,-1
2023-04-06,162.42999267578125,164.9600067138672,162.0,164.66000366210938,45390100,164.66000366210938,164.80219787597656,164.75740328516022,1,1
2023-04-10,161.4199981689453,162.02999877929688,160.0800018310547,162.02999877929688,47716900,162.02999877929688,162.80520111083985,161.53975704901228,1,-1
2023-04-11,162.35000610351562,162.36000061035156,160.50999450683594,160.8000030517578,47644200,160.8000030517578,163.75180114746092,160.76212046131386,1,-1
2023-04-12,161.22000122070312,162.05999755859375,159.77999877929688,160.10000610351562,50133100,160.10000610351562,162.48700134277342,160.44188748419933,1,1
2023-04-13,161.6300048828125,165.8000030517578,161.4199981689453,165.55999755859375,68445600,165.55999755859375,163.8227996826172,165.72123128052067,-1,1
2023-04-14,164.58999633789062,166.32000732421875,163.82000732421875,165.2100067138672,49386500,165.2100067138672,166.09919677734376,165.51384346149294,1,1
2023-04-17,165.08999633789062,165.38999938964844,164.02999877929688,165.22999572753906,41516200,165.22999572753906,166.07379669189453,164.974218008144,1,-1
2023-04-18,166.10000610351562,167.41000366210938,165.64999389648438,166.47000122070312,49923000,166.47000122070312,166.8405975341797,166.88233092405264,1,1
2023-04-19,165.8000030517578,168.16000366210938,165.5399932861328,167.6300048828125,47720200,167.6300048828125,168.18919982910157,167.93398739637175,1,1
2023-04-20,166.08999633789062,167.8699951171875,165.55999755859375,166.64999389648438,52456400,166.64999389648438,166.68359802246093,167.13655473481418,1,1
2023-04-21,165.0500030517578,166.4499969482422,164.49000549316406,165.02000427246094,58337300,165.02000427246094,166.76179779052734,165.59539125492446,1,1
2023-04-24,165.0,165.60000610351562,163.88999938964844,165.3300018310547,41949600,165.3300018310547,166.116796875,165.09030913563987,1,-1
2023-04-25,165.19000244140625,166.30999755859375,163.72999572753906,163.77000427246094,48714100,163.77000427246094,164.65759857177736,164.36337448706294,1,1
2023-04-26,163.05999755859375,165.27999877929688,162.8000030517578,163.75999450683594,45498800,163.75999450683594,164.35959991455078,164.51229155294922,1,1
2023-04-27,165.19000244140625,168.55999755859375,165.19000244140625,168.41000366210938,64902300,168.41000366210938,168.63400146484375,168.66613840554615,1,1
2023-04-28,168.49000549316406,169.85000610351562,167.8800048828125,169.67999267578125,55209200,169.67999267578125,167.9703970336914,169.6599676997161,-1,-1
2023-05-01,169.27999877929688,170.4499969482422,168.63999938964844,169.58999633789062,52472900,169.58999633789062,168.63299865722655,169.87157000322833,-1,1
2023-05-02,170.08999633789062,170.35000610351562,167.5399932861328,168.5399932861328,48425700,168.5399932861328,167.75459899902344,168.23576108427807,-1,-1
2023-05-03,169.5,170.9199981689453,167.16000366210938,167.4499969482422,65136000,167.4499969482422,166.41660247802736,167.9944557462076,-1,1
2023-05-04,164.88999938964844,167.0399932861328,164.30999755859375,165.7899932861328,81235400,165.7899932861328,167.26099700927733,166.26532811393102,1,1
2023-05-05,170.97999572753906,174.3000030517578,170.75999450683594,173.57000732421875,113316400,173.57000732421875,172.50100128173827,174.00056874024082,-1,1
2023-05-08,172.47999572753906,173.85000610351562,172.11000061035156,173.5,55962800,173.5,172.2760025024414,173.6979939024943,-1,1
2023-05-09,173.0500030517578,173.5399932861328,171.60000610351562,171.77000427246094,45326900,171.77000427246094,170.70000244140624,172.04288944279457,-1,1
2023-05-10,173.02000427246094,174.02999877929688,171.89999389648438,173.55999755859375,53724500,173.55999755859375,174.23100219726564,173.41303128139052,1,-1
2023-05-11,173.85000610351562,174.58999633789062,172.1699981689453,173.75,49514700,173.75,177.9096011352539,173.47246944603665,1,-1
2023-05-12,173.6199951171875,174.05999755859375,171.0,172.57000732421875,45497800,172.57000732421875,171.69900299072265,172.08198600700797,-1,-1
2023-05-15,173.16000366210938,173.2100067138672,171.47000122070312,172.07000732421875,37266700,172.07000732421875,170.55940307617186,171.93279876790635,-1,-1
2023-05-16,171.99000549316406,173.13999938964844,171.8000030517578,172.07000732421875,42110300,172.07000732421875,170.60100311279297,172.6913761594097,-1,1
2023-05-17,171.7100067138672,172.92999267578125,170.4199981689453,172.69000244140625,57951600,172.69000244140625,171.41540283203125,172.34130856245932,-1,-1
2023-05-18,173.0,175.24000549316406,172.5800018310547,175.0500030517578,65496700,175.0500030517578,177.52100158691405,175.1332163459752,1,1
2023-05-19,176.38999938964844,176.38999938964844,174.94000244140625,175.16000366210938,55772400,175.16000366210938,174.9545993041992,175.20783993680928,-1,1
2023-05-22,173.97999572753906,174.7100067138672,173.4499969482422,174.1999969482422,43570900,174.1999969482422,177.84200073242187,174.3951142364935,1,1
2023-05-23,173.1300048828125,173.3800048828125,171.27999877929688,171.55999755859375,50747300,171.55999755859375,171.08400268554686,171.6461942627719,-1,1
2023-05-24,171.08999633789062,172.4199981689453,170.52000427246094,171.83999633789062,45143500,171.83999633789062,170.29680267333984,172.0281277091238,-1,1
2023-05-25,172.41000366210938,173.89999389648438,171.69000244140625,172.99000549316406,56058300,172.99000549316406,172.28780242919922,173.24960195449475,-1,1
2023-05-26,173.32000732421875,175.77000427246094,173.11000061035156,175.42999267578125,54835000,175.42999267578125,177.4176010131836,175.68657306073888,1,1
2023-05-30,176.9600067138672,178.99000549316406,176.57000732421875,177.3000030517578,55964400,177.3000030517578,179.60079833984375,178.0876632493038,1,1
2023-05-31,177.3300018310547,179.35000610351562,176.75999450683594,177.25,99625300,177.25,176.8661996459961,178.14582632382724,-1,1
2023-06-01,177.6999969482422,180.1199951171875,176.92999267578125,180.08999633789062,68901800,180.08999633789062,179.3473959350586,179.9144339467805,-1,-1
2023-06-02,181.02999877929688,181.77999877929688,179.25999450683594,180.9499969482422,61945900,180.9499969482422,177.6821987915039,180.63444158729698,-1,-1
2023-06-05,182.6300048828125,184.9499969482422,178.0399932861328,179.5800018310547,121946500,179.5800018310547,175.82059906005858,179.78856378972742,-1,1
2023-06-06,179.97000122070312,180.1199951171875,177.42999267578125,179.2100067138672,64848400,179.2100067138672,178.70220092773437,178.52581939630963,-1,-1
2023-06-07,178.44000244140625,181.2100067138672,177.32000732421875,177.82000732421875,61944600,177.82000732421875,179.14799896240234,178.97170720052335,1,1
2023-06-08,177.89999389648438,180.83999633789062,177.4600067138672,180.57000732421875,50214900,180.57000732421875,179.13479705810548,180.66325323316062,-1,1
2023-06-09,181.5,182.22999572753906,180.6300048828125,180.9600067138672,48870700,180.9600067138672,177.11499908447266,181.3289054191151,-1,1
2023-06-12,181.27000427246094,183.88999938964844,180.97000122070312,183.7899932861328,54274900,183.7899932861328,177.53939910888673,183.8958627147032,-1,1
2023-06-13,182.8000030517578,184.14999389648438,182.44000244140625,183.30999755859375,54929100,183.30999755859375,176.9909991455078,183.75092609794393,-1,1
2023-06-14,183.3699951171875,184.38999938964844,182.02000427246094,183.9499969482422,57462900,183.9499969482422,176.9909991455078,183.68064601833933,-1,-1
2023-06-15,183.9600067138672,186.52000427246094,183.77999877929688,186.00999450683594,65433200,186.00999450683594,177.29359832763672,186.37745122687159,-1,1
2023-06-16,186.72999572753906,186.99000549316406,184.27000427246094,184.9199981689453,101235600,184.9199981689453,176.53339782714843,184.82945260582383,-1,-1
2023-06-20,184.41000366210938,186.10000610351562,184.41000366210938,185.00999450683594,49799100,185.00999450683594,176.9909991455078,185.7525303447859,-1,1
2023-06-21,184.89999389648438,185.41000366210938,182.58999633789062,183.9600067138672,49515700,183.9600067138672,176.9909991455078,183.63851619789043,-1,-1
2023-06-22,183.74000549316406,187.0500030517578,183.6699981689453,187.0,51245300,187.0,176.9909991455078,187.1946665333361,-1,1
2023-06-23,185.5500030517578,187.55999755859375,185.00999450683594,186.67999267578125,53079300,186.67999267578125,176.9909991455078,187.02947019900287,-1,1
2023-06-26,186.8300018310547,188.0500030517578,185.22999572753906,185.27000427246094,48088700,185.27000427246094,176.9909991455078,185.92484062817675,-1,1
2023-06-27,185.88999938964844,188.38999938964844,185.6699981689453,188.05999755859375,50730800,188.05999755859375,176.9909991455078,188.3216827463194,-1,1
2023-06-28,187.92999267578125,189.89999389648438,187.60000610351562,189.25,51216800,189.25,176.9909991455078,189.61253988586637,-1,1
2023-06-29,189.0800018310547,190.07000732421875,188.94000244140625,189.58999633789062,46347300,189.58999633789062,176.9909991455078,190.0002725169011,-1,1
2023-06-30,191.6300048828125,194.47999572753906,191.25999450683594,193.97000122070312,85069600,193.97000122070312,176.93739837646484,194.24709308411067,-1,1
2023-07-03,193.77999877929688,193.8800048828125,191.75999450683594,192.4600067138672,31458200,192.4600067138672,176.9909991455078,192.29665399744644,-1,-1
2023-07-05,191.57000732421875,192.97999572753906,190.6199951171875,191.3300018310547,46920300,191.3300018310547,176.9909991455078,191.82629988498118,-1,1
2023-07-06,189.83999633789062,192.02000427246094,189.1999969482422,191.80999755859375,45094300,191.80999755859375,176.9909991455078,191.79943753926335,-1,-1
2023-07-07,191.41000366210938,192.6699981689453,190.24000549316406,190.67999267578125,46778000,190.67999267578125,176.9909991455078,191.21443945666513,-1,1
2023-07-10,189.25999450683594,189.99000549316406,187.0399932861328,188.61000061035156,59922200,188.61000061035156,176.9909991455078,188.31132786359404,-1,-1
2023-07-11,189.16000366210938,189.3000030517578,186.60000610351562,188.0800018310547,46638100,188.0800018310547,176.9909991455078,187.53139368356955,-1,-1
2023-07-12,189.67999267578125,191.6999969482422,188.47000122070312,189.77000427246094,60750200,189.77000427246094,176.9909991455078,190.24175044743234,-1,1
2023-07-13,190.5,191.19000244140625,189.77999877929688,190.5399932861328,41342300,190.5399932861328,176.9909991455078,190.71910986007302,-1,1
2023-07-14,190.22999572753906,191.17999267578125,189.6300048828125,190.69000244140625,41573900,190.69000244140625,176.9909991455078,190.8553969269232,-1,1
2023-07-17,191.89999389648438,194.32000732421875,191.80999755859375,193.99000549316406,50520200,193.99000549316406,176.9909991455078,194.33264770579615,-1,1
2023-07-18,193.35000610351562,194.3300018310547,192.4199981689453,193.72999572753906,48353800,193.72999572753906,176.9909991455078,193.77281112052594,-1,1
2023-07-19,193.10000610351562,198.22999572753906,192.64999389648438,195.10000610351562,80507300,195.10000610351562,176.93739837646484,196.47295547827878,-1,1
2023-07-20,195.08999633789062,196.47000122070312,192.5,193.1300048828125,59581200,193.1300048828125,176.9909991455078,193.5146809201552,-1,1
2023-07-21,194.10000610351562,194.97000122070312,191.22999572753906,191.94000244140625,71917800,191.94000244140625,176.2053988647461,192.04711712076258,-1,1
2023-07-24,193.41000366210938,194.91000366210938,192.25,192.75,45377800,192.75,176.9909991455078,193.36396184612778,-1,1
2023-07-25,193.3300018310547,194.44000244140625,192.9199981689453,193.6199951171875,37283200,193.6199951171875,176.9909991455078,194.03757362894535,-1,1
2023-07-26,193.6699981689453,195.63999938964844,193.32000732421875,194.5,47471900,194.5,176.9909991455078,195.08100410209067,-1,1
2023-07-27,196.02000427246094,197.1999969482422,192.5500030517578,193.22000122070312,47460200,193.22000122070312,176.9909991455078,193.41812636825367,-1,1
2023-07-28,194.6699981689453,196.6300048828125,194.13999938964844,195.8300018310547,48291400,195.8300018310547,176.9909991455078,196.16067366377484,-1,1
2023-07-31,196.05999755859375,196.49000549316406,195.25999450683594,196.4499969482422,38824100,196.4499969482422,176.9909991455078,196.32114234094647,-1,-1
2023-08-01,196.24000549316406,196.72999572753906,195.27999877929688,195.61000061035156,35175100,195.61000061035156,176.9909991455078,195.88244903544648,-1,1
2023-08-02,195.0399932861328,195.17999267578125,191.85000610351562,192.5800018310547,50389300,192.5800018310547,176.9909991455078,192.3264341407809,-1,-1
2023-08-03,191.57000732421875,192.3699951171875,190.69000244140625,191.1699981689453,61235200,191.1699981689453,177.00359893798827,191.51980279817184,-1,1
2023-08-04,185.52000427246094,187.3800048828125,181.9199981689453,181.99000549316406,115799700,181.99000549316406,176.53339782714843,182.75744935262864,-1,1
2023-08-07,182.1300048828125,183.1300048828125,177.35000610351562,178.85000610351562,97576100,178.85000610351562,176.05019958496095,178.47861042727249,-1,-1
2023-08-08,179.69000244140625,180.27000427246094,177.5800018310547,179.8000030517578,67823000,179.8000030517578,178.18900115966798,179.14056536334783,-1,-1
2023-08-09,180.8699951171875,180.92999267578125,177.00999450683594,178.19000244140625,60378500,178.19000244140625,177.82600341796876,177.62190105739478,-1,-1
2023-08-10,179.47999572753906,180.75,177.60000610351562,177.97000122070312,54686900,177.97000122070312,177.7852035522461,178.4639163924398,-1,1
2023-08-11,177.32000732421875,178.6199951171875,176.5500030517578,177.7899932861328,51988100,177.7899932861328,179.48079833984374,177.9956477434814,1,1
2023-08-14,177.97000122070312,179.69000244140625,177.30999755859375,179.4600067138672,43675600,179.4600067138672,179.42379913330078,179.44050238457422,-1,-1
2023-08-15,178.8800048828125,179.47999572753906,177.0500030517578,177.4499969482422,43622600,177.4499969482422,179.40899841308592,177.63972720349952,1,1
2023-08-16,177.1300048828125,178.5399932861328,176.5,176.57000732421875,46964900,176.57000732421875,179.51159851074217,177.36496999003285,1,1
2023-08-17,177.13999938964844,177.50999450683594,173.47999572753906,174.0,66062900,174.0,176.81019989013672,173.88064344785977,1,-1
2023-08-18,172.3000030517578,175.10000610351562,171.9600067138672,174.49000549316406,61114200,174.49000549316406,177.81200134277344,174.79199427250705,1,1
2023-08-21,175.07000732421875,176.1300048828125,173.74000549316406,175.83999633789062,46311900,175.83999633789062,176.31939819335938,175.49572710858627,1,-1
2023-08-22,177.05999755859375,177.67999267578125,176.25,177.22999572753906,42084200,177.22999572753906,179.2383999633789,177.25197476005297,1,1
2023-08-23,178.52000427246094,181.5500030517578,178.3300018310547,181.1199951171875,52722800,181.1199951171875,178.36659759521484,181.421721209626,-1,1
2023-08-24,180.6699981689453,181.10000610351562,176.00999450683594,176.3800048828125,54945800,176.3800048828125,177.15040130615233,176.26625647760505,1,-1
2023-08-25,177.3800048828125,179.14999389648438,175.82000732421875,178.61000061035156,51449600,178.61000061035156,178.72220123291015,178.2438183322779,1,-1
2023-08-28,180.08999633789062,180.58999633789062,178.5500030517578,180.19000244140625,43820700,180.19000244140625,177.9860006713867,179.8004569688094,-1,-1
2023-08-29,179.6999969482422,184.89999389648438,179.5,184.1199951171875,53003900,184.1199951171875,177.7109994506836,184.52794849783558,-1,1
2023-08-30,184.94000244140625,187.85000610351562,184.74000549316406,187.64999389648438,60813900,187.64999389648438,176.9909991455078,187.85714748881855,-1,1
2023-08-31,187.83999633789062,189.1199951171875,187.47999572753906,187.8699951171875,60794500,187.8699951171875,176.9909991455078,188.50862428156668,-1,1
2023-09-01,189.49000549316406,189.9199981689453,188.27999877929688,189.4600067138672,45732600,189.4600067138672,176.9909991455078,189.29288093828137,-1,-1
2023-09-05,188.27999877929688,189.97999572753906,187.61000061035156,189.6999969482422,45280000,189.6999969482422,176.9909991455078,189.71369369448814,-1,1
2023-09-06,188.39999389648438,188.85000610351562,181.47000122070312,182.91000366210938,81755800,182.91000366210938,176.93739837646484,182.13970975252482,-1,-1
2023-09-07,175.17999267578125,178.2100067138672,173.5399932861328,177.55999755859375,112488800,177.55999755859375,174.55099853515625,177.19495505558615,-1,-1
2023-09-08,178.35000610351562,180.24000549316406,177.7899932861328,178.17999267578125,65551300,178.17999267578125,178.4416015625,179.0527772019969,1,1
2023-09-11,180.07000732421875,180.3000030517578,177.33999633789062,179.36000061035156,58953100,179.36000061035156,177.99140380859376,178.58201246984243,-1,-1
2023-09-12,179.49000549316406,180.1300048828125,174.82000732421875,176.3000030517578,90370200,176.3000030517578,172.560400390625,175.78510465192235,-1,-1
2023-09-13,176.50999450683594,177.3000030517578,173.97999572753906,174.2100067138672,84267900,174.2100067138672,176.16160034179688,174.5110895896502,1,1
2023-09-14,174.0,176.10000610351562,173.5800018310547,175.74000549316406,60895800,175.74000549316406,176.17279907226563,175.9031147231688,1,1
2023-09-15,176.47999572753906,176.5,173.82000732421875,175.00999450683594,109205100,175.00999450683594,174.8827981567383,174.5413650870264,-1,-1
2023-09-18,176.47999572753906,179.3800048828125,176.1699981689453,177.97000122070312,67257600,177.97000122070312,178.4362008666992,178.65829551175193,1,1
2023-09-19,177.52000427246094,179.6300048828125,177.1300048828125,179.07000732421875,51826900,179.07000732421875,179.0859994506836,179.34122181514584,1,1
2023-09-20,179.25999450683594,179.6999969482422,175.39999389648438,175.49000549316406,58436200,175.49000549316406,177.34980010986328,175.57833124430715,1,1
2023-09-21,174.5500030517578,176.3000030517578,173.86000061035156,173.92999267578125,63047900,173.92999267578125,177.9859991455078,174.86972247817445,1,1
2023-09-22,174.6699981689453,177.0800018310547,174.0500030517578,174.7899932861328,56725400,174.7899932861328,176.96419891357422,175.713859506199,1,1
2023-09-25,174.1999969482422,176.97000122070312,174.14999389648438,176.0800018310547,46172700,176.0800018310547,177.0937991333008,176.6637700414662,1,1
2023-09-26,174.82000732421875,175.1999969482422,171.66000366210938,171.9600067138672,64588900,171.9600067138672,171.77820190429688,171.98538422054006,-1,1
2023-09-27,172.6199951171875,173.0399932861328,169.0500030517578,170.42999267578125,66921800,170.42999267578125,169.05740234375,169.94321155221454,-1,-1
2023-09-28,169.33999633789062,172.02999877929688,167.6199951171875,170.69000244140625,56294400,170.69000244140625,169.2034014892578,170.5702404086635,-1,-1
2023-09-29,172.02000427246094,173.07000732421875,170.33999633789062,171.2100067138672,51814200,171.2100067138672,171.00700256347656,171.38745979882873,-1,1
2023-10-02,171.22000122070312,174.3000030517578,170.92999267578125,173.75,52164500,173.75,175.87680053710938,174.04011371726827,1,1
2023-10-03,172.25999450683594,173.6300048828125,170.82000732421875,172.39999389648438,49594600,172.39999389648438,170.66580322265625,172.41361023101095,-1,1
2023-10-04,171.08999633789062,174.2100067138672,170.97000122070312,173.66000366210938,53020300,173.66000366210938,175.87680053710938,174.04176044887313,1,1
2023-10-05,173.7899932861328,175.4499969482422,172.67999267578125,174.91000366210938,48527900,174.91000366210938,177.2154019165039,174.78440030912378,1,-1
2023-10-06,173.8000030517578,177.99000549316406,173.17999267578125,177.49000549316406,57224100,177.49000549316406,176.36139831542968,177.5587886357205,-1,1
2023-10-09,176.80999755859375,179.0500030517578,175.8000030517578,178.99000549316406,42390800,178.99000549316406,178.6516015625,178.68906455260662,-1,-1
2023-10-10,178.10000610351562,179.72000122070312,177.9499969482422,178.38999938964844,43698000,178.38999938964844,179.09300048828126,179.1500489615185,1,1
2023-10-11,178.1999969482422,179.85000610351562,177.60000610351562,179.8000030517578,47551100,179.8000030517578,179.09799896240236,179.7348770804653,-1,-1
2023-10-12,180.07000732421875,182.33999633789062,179.0399932861328,180.7100067138672,56743100,180.7100067138672,177.8711993408203,181.12201122856138,-1,1
2023-10-13,181.4199981689453,181.92999267578125,178.13999938964844,178.85000610351562,51427100,178.85000610351562,177.4614013671875,178.73827728774634,-1,-1
2023-10-16,176.75,179.0800018310547,176.50999450683594,178.72000122070312,52517000,178.72000122070312,178.63740142822266,178.97600123091172,-1,1
2023-10-17,176.64999389648438,178.4199981689453,174.8000030517578,177.14999389648438,57549400,177.14999389648438,175.29419952392578,176.95967434191886,-1,-1
2023-10-18,175.5800018310547,177.5800018310547,175.11000061035156,175.83999633789062,54764400,175.83999633789062,179.75860107421875,176.6051086718926,1,1
2023-10-19,176.0399932861328,177.83999633789062,175.19000244140625,175.4600067138672,59302900,175.4600067138672,178.2720004272461,176.3167333033691,1,1
2023-10-20,175.30999755859375,175.4199981689453,172.63999938964844,172.8800048828125,64189300,172.8800048828125,173.97160217285156,172.8600709757915,1,-1
2023-10-23,170.91000366210938,174.00999450683594,169.92999267578125,173.0,55980100,173.0,171.70160247802735,173.12507699306752,-1,1
2023-10-24,173.0500030517578,173.6699981689453,171.4499969482422,173.44000244140625,43816600,173.44000244140625,170.9742025756836,172.9277786527115,-1,-1
2023-10-25,171.8800048828125,173.05999755859375,170.64999389648438,171.10000610351562,57157000,171.10000610351562,170.4840023803711,171.56654741406473,-1,1
2023-10-26,170.3699951171875,171.3800048828125,165.6699981689453,166.88999938964844,70625300,166.88999938964844,165.49440185546874,166.6288401964269,-1,-1
2023-10-27,166.91000366210938,168.9600067138672,166.8300018310547,168.22000122070312,58499100,168.22000122070312,167.89479797363282,168.73051471594712,-1,1
2023-10-30,169.02000427246094,171.1699981689453,168.8699951171875,170.2899932861328,51131000,170.2899932861328,166.84419708251954,170.8236806632225,-1,1
2023-10-31,169.35000610351562,170.89999389648438,167.89999389648438,170.77000427246094,44846000,170.77000427246094,166.6573974609375,170.26785877230947,-1,-1
2023-11-01,171.0,174.22999572753906,170.1199951171875,173.97000122070312,56934900,173.97000122070312,175.60760070800782,173.80608757995603,1,-1
2023-11-02,175.52000427246094,177.77999877929688,175.4600067138672,177.57000732421875,77334800,177.57000732421875,178.13500091552734,177.8661549647228,1,1
2023-11-03,174.24000549316406,176.82000732421875,173.35000610351562,176.64999389648438,79763700,176.64999389648438,174.697197265625,176.46898654777146,-1,-1
2023-11-06,176.3800048828125,179.42999267578125,176.2100067138672,179.22999572753906,63841300,179.22999572753906,178.4526010131836,179.4393191799804,-1,1
2023-11-07,179.17999267578125,182.44000244140625,178.97000122070312,181.82000732421875,70530000,181.82000732421875,177.51119842529297,182.20064139001437,-1,1
2023-11-08,182.35000610351562,183.4499969482422,181.58999633789062,182.88999938964844,49340300,182.88999938964844,176.9909991455078,182.98894760621116,-1,1
2023-11-09,182.9600067138672,184.1199951171875,181.80999755859375,182.41000366210938,53763500,182.41000366210938,176.9909991455078,182.82121913601702,-1,1
2023-11-10,183.97000122070312,186.57000732421875,183.52999877929688,186.39999389648438,66133400,186.39999389648438,177.29359832763672,186.47105883435484,-1,1
2023-11-13,185.82000732421875,186.02999877929688,184.2100067138672,184.8000030517578,43627500,184.8000030517578,176.9909991455078,184.76440062065706,-1,-1
2023-11-14,187.6999969482422,188.11000061035156,186.3000030517578,187.44000244140625,60108400,187.44000244140625,176.9909991455078,187.2692110650936,-1,-1
2023-11-15,187.85000610351562,189.5,187.77999877929688,188.00999450683594,53790500,188.00999450683594,176.9909991455078,188.9038673139652,-1,1
2023-11-16,189.57000732421875,190.9600067138672,188.64999389648438,189.7100067138672,54412900,189.7100067138672,176.9909991455078,190.0416089758726,-1,1
2023-11-17,190.25,190.3800048828125,188.57000732421875,189.69000244140625,50922700,189.69000244140625,176.9909991455078,189.38222145482752,-1,-1
2023-11-20,189.88999938964844,191.91000366210938,189.8800048828125,191.4499969482422,46505100,191.4499969482422,176.9909991455078,191.89966580009715,-1,1
2023-11-21,191.41000366210938,191.52000427246094,189.74000549316406,190.63999938964844,38134500,190.63999938964844,176.9909991455078,190.42061060005025,-1,-1
2023-11-22,191.49000549316406,192.92999267578125,190.8300018310547,191.30999755859375,39617700,191.30999755859375,176.9909991455078,191.94627404255664,-1,1
2023-11-24,190.8699951171875,190.89999389648438,189.25,189.97000122070312,24048300,189.97000122070312,176.9909991455078,189.7954654587794,-1,-1
2023-11-27,189.9199981689453,190.6699981689453,188.89999389648438,189.7899932861328,40552600,189.7899932861328,176.9909991455078,189.9081319563418,-1,1
2023-11-28,189.77999877929688,191.0800018310547,189.39999389648438,190.39999389648438,38415400,190.39999389648438,176.9909991455078,190.76132973021092,-1,1
2023-11-29,190.89999389648438,192.08999633789062,188.97000122070312,189.3699951171875,43014200,189.3699951171875,176.9909991455078,189.82259496290996,-1,1
2023-11-30,189.83999633789062,190.32000732421875,188.19000244140625,189.9499969482422,48794400,189.9499969482422,176.9909991455078,189.5036134728141,-1,-1
2023-12-01,190.3300018310547,191.55999755859375,189.22999572753906,191.24000549316406,45679300,191.24000549316406,176.9909991455078,191.05203101758528,-1,-1
2023-12-04,189.97999572753906,190.0500030517578,187.4499969482422,189.42999267578125,43389500,189.42999267578125,176.9909991455078,188.62631558364373,-1,-1
2023-12-05,190.2100067138672,194.39999389648438,190.17999267578125,193.4199981689453,66628400,193.4199981689453,177.2599984741211,194.0550521106193,-1,1
2023-12-06,194.4499969482422,194.75999450683594,192.11000061035156,192.32000732421875,41089700,192.32000732421875,176.9909991455078,192.44679210297141,-1,1
2023-12-07,193.6300048828125,195.0,193.58999633789062,194.27000427246094,47477700,194.27000427246094,176.9909991455078,194.8466133161715,-1,1
2023-12-08,194.1999969482422,195.99000549316406,193.6699981689453,195.7100067138672,53377300,195.7100067138672,176.9909991455078,195.8096888286931,-1,1
2023-12-11,193.11000061035156,193.49000549316406,191.4199981689453,193.17999267578125,60943700,193.17999267578125,176.9909991455078,192.69679242142078,-1,-1
2023-12-12,193.0800018310547,194.72000122070312,191.72000122070312,194.7100067138672,52696900,194.7100067138672,176.9909991455078,194.23752791871428,-1,-1
2023-12-13,195.08999633789062,198.0,194.85000610351562,197.9600067138672,70404200,197.9600067138672,176.15819854736327,198.09136005989276,-1,1
2023-12-14,198.02000427246094,199.6199951171875,196.16000366210938,198.11000061035156,66831600,198.11000061035156,177.2599984741211,198.06177918369767,-1,-1
2023-12-15,197.52999877929688,198.39999389648438,197.0,197.57000732421875,128256700,197.57000732421875,176.497998046875,197.97764070848703,-1,1
2023-12-18,196.08999633789062,196.6300048828125,194.38999938964844,195.88999938964844,55751900,195.88999938964844,176.9909991455078,195.59521732386915,-1,-1
2023-12-19,196.16000366210938,196.9499969482422,195.88999938964844,196.94000244140625,40714100,196.94000244140625,176.9909991455078,197.0782412929603,-1,1
2023-12-20,196.89999389648438,197.67999267578125,194.8300018310547,194.8300018310547,52242800,194.8300018310547,176.9909991455078,195.28750080810207,-1,1
2023-12-21,196.10000610351562,197.0800018310547,193.5,194.67999267578125,46482500,194.67999267578125,176.9909991455078,194.63682761911352,-1,-1
2023-12-22,195.17999267578125,195.41000366210938,192.97000122070312,193.60000610351562,37122800,193.60000610351562,176.9909991455078,193.5122069640797,-1,-1
2023-12-26,193.61000061035156,193.88999938964844,192.8300018310547,193.0500030517578,28919300,193.0500030517578,176.9909991455078,193.29127681427514,-1,1
2023-12-27,192.49000549316406,193.5,191.08999633789062,193.14999389648438,48087700,193.14999389648438,176.9909991455078,192.8217946358132,-1,-1
